<?xml version="1.0" encoding="UTF-8"?>
<metadata xml:lang="en"><Esri><CreaDate>20200717</CreaDate><CreaTime>13500000</CreaTime><ArcGISFormat>1.0</ArcGISFormat><SyncOnce>TRUE</SyncOnce><DataProperties><itemProps><itemLocation><linkage Sync="TRUE">file://\\IGSWIDWBWS078\C$\Users\jwelty\Documents\WIldfire_Creation_2020\Metadata\For_Submission\Hawaii_Wildfire_Rasters\GeoTiffs\Hawaii_Wildfire_Most_Recent_Year_Burned.tif</linkage><protocol Sync="TRUE">Local Area Network</protocol></itemLocation></itemProps><copyHistory><copy source="C:\Users\jwelty\Documents\WIldfire_Creation_2020\Combined_Wildfires_June2020\Hawaii_Wildfire_Raster_Summaries\Hawaii_Wildfire_Most_Recent_Year_Burned.tif" dest="\\IGSWIDWBWS078\C$\Users\jwelty\Documents\WIldfire_Creation_2020\Metadata\For_Submission\Hawaii_Wildfire_Rasters\GeoTiffs\Hawaii_Wildfire_Most_Recent_Year_Burned.tif" date="20200717" time="13500000"></copy></copyHistory><lineage><Process ToolSource="c:\arcgis\pro\Resources\ArcToolbox\Toolboxes\Data Management Tools.tbx\CopyMultiple" Date="20200717" Time="135000">CopyMultiple "C:\Users\jwelty\Documents\WIldfire_Creation_2020\Combined_Wildfires_June2020\Hawaii_Wildfire_Raster_Summaries\Hawaii_Wildfire_Count.tif raster_file_general;C:\Users\jwelty\Documents\WIldfire_Creation_2020\Combined_Wildfires_June2020\Hawaii_Wildfire_Raster_Summaries\Hawaii_Wildfire_First_Year_Burned.tif raster_file_general;C:\Users\jwelty\Documents\WIldfire_Creation_2020\Combined_Wildfires_June2020\Hawaii_Wildfire_Raster_Summaries\Hawaii_Wildfire_Most_Recent_Year_Burned.tif raster_file_general" C:\Users\jwelty\Documents\WIldfire_Creation_2020\Metadata\For_Submission\Hawaii_Wildfire_Rasters\GeoTiffs Hawaii_Wildfire_Count;Hawaii_Wildfire_First_Year_Burned;Hawaii_Wildfire_Most_Recent_Year_Burned "Hawaii_Wildfire_Count.tif RasterDataset Hawaii_Wildfire_Count.tif #;Hawaii_Wildfire_First_Year_Burned.tif RasterDataset Hawaii_Wildfire_First_Year_Burned.tif #;Hawaii_Wildfire_Most_Recent_Year_Burned.tif RasterDataset Hawaii_Wildfire_Most_Recent_Year_Burned.tif #"</Process></lineage></DataProperties></Esri></metadata>
