,AcresBurned,ArchiveYear,Latitude,Longitude,Injuries,PersonnelInvolved,StructuresDestroyed,MajorIncident
1,257314,2013,37.857,-120.086,0,0,0,FALSE
2,30274,2013,34.585595,-118.423176,0,0,0,FALSE
3,27531,2013,33.7095,-116.72885,0,0,0,FALSE
4,27440,2013,39.12,-120.65,0,0,0,FALSE
5,22992,2013,37.279,-119.318,0,0,0,FALSE
6,20292,2013,33.86157,-116.90427,26,2106,40,TRUE
7,14754,2013,41.32,-123.176,0,0,0,FALSE
8,12503,2013,41.035,-123.488,0,0,0,FALSE
9,11429,2013,40.04263,-121.85397,5,898,0,TRUE
10,8073,2013,40.498332,-122.535496,6,342,201,TRUE
11,7055,2013,32.95435,-116.47381,12,2147,149,TRUE
12,6965,2013,40.190062,-121.595555,6,1811,0,TRUE
13,4346,2013,34.7861,-118.9411,4,847,0,TRUE
14,4346,2013,34.7861,-118.9411,4,847,0,TRUE
15,3505,2013,38.8167,-122.8498,6,188,1,TRUE
16,3166,2013,34.288877,-116.941311,2,726,1,TRUE
17,3111,2013,37.90757,-121.882582,0,231,0,TRUE
18,2781,2013,33.12111,-116.52579,5,911,0,TRUE
19,2462,2013,39.446268,-121.38236,5,1484,7,TRUE
20,2236,2013,33.341,-117.3092,0,0,0,FALSE
21,2060,2013,36.208,-118.444,0,0,0,FALSE
22,1984,2013,34.55048,-119.82429,0,0,0,FALSE
23,1708,2013,37.58202,-119.91071,1,112,0,TRUE
24,1383,2013,33.62236,-117.40288,0,0,0,FALSE
25,1271,2013,33.04458,-116.5209,6,1217,0,TRUE
26,1070,2013,38.25108,-120.02778,0,0,0,FALSE
27,794,2013,35.707,-118.588,0,0,0,FALSE
28,712,2013,34.882,-118.9194,5,502,0,TRUE
29,712,2013,34.49149,-118.610044,0,0,0,FALSE
30,612,2013,34.90327,-118.93388,0,0,0,FALSE
31,572,2013,38.774,-120.298,0,0,0,FALSE
32,534,2013,34.071556,-117.048397,0,282,0,TRUE
33,513,2013,40.00842,-120.764666,0,0,0,FALSE
34,510,2013,33.894055,-116.855019,0,0,0,FALSE
35,502,2013,41.2415,-121.035,0,0,0,FALSE
36,500,2013,35.15832,-120.05131,0,0,0,FALSE
37,492,2013,37.96866,-121.91453,0,0,0,FALSE
38,482,2013,37.015575,-119.78106,0,0,1,TRUE
39,413,2013,34.302,-117.598,0,0,0,FALSE
40,406,2013,36.602575,-118.01651,2,476,0,TRUE
41,376,2013,38.628,-122.289,0,4,0,TRUE
42,354,2013,37.160346,-120.937494,0,0,0,FALSE
43,305,2013,39.439,-121.497,0,259,4,TRUE
44,303,2013,38.04993,-120.90325,0,0,0,FALSE
45,298,2013,39.434183,-121.576804,0,0,9,TRUE
46,274,2013,39.90465,-121.74367,0,0,0,FALSE
47,274,2013,37.116295,-119.635004,0,0,0,FALSE
48,268,2013,34.149,-117.908,0,0,0,FALSE
49,263,2013,32.710918,-116.746023,2,294,0,TRUE
50,243,2013,34.35,-117.62,0,0,0,FALSE
51,240,2013,37.775057,-121.737213,0,0,0,FALSE
52,237,2013,38.729297,-121.380862,0,0,0,FALSE
53,217,2013,39.514139,-122.560862,0,221,0,TRUE
54,200,2013,34.2,-117.417,0,0,0,FALSE
55,200,2013,40.012398,-122.079871,0,0,0,FALSE
56,196,2013,40.5445,-121.3754,0,347,0,TRUE
57,195,2013,39.961309,-122.330879,0,0,0,FALSE
58,190,2013,38.382,-122.311,0,150,1,TRUE
59,170,2013,34.611824,-120.074655,0,0,0,FALSE
60,163,2013,38.67479,-122.08725,0,0,0,FALSE
61,163,2013,38.63987,-121.08438,0,0,0,FALSE
62,163,2013,38.63987,-121.08438,0,0,0,FALSE
63,159,2013,38.34599,-122.6503,0,0,0,FALSE
64,158,2013,38.17693,-122.51253,0,0,0,FALSE
65,150,2013,33.990128,-117.164997,0,0,0,FALSE
66,150,2013,37.436,-121.1955,0,0,0,FALSE
67,150,2013,36.7218,-119.2248,0,0,0,FALSE
68,149,2013,34.419284,-118.58688,0,0,0,FALSE
69,134,2013,36.258,-118.459,0,0,0,FALSE
70,125,2013,38.638828,-122.655616,0,249,0,TRUE
71,124,2013,38.08744,-122.13802,0,0,0,FALSE
72,124,2013,37.03776,-121.006939,0,0,0,FALSE
73,124,2013,33.963591,-117.187934,0,0,0,FALSE
74,120,2013,38.882214,-122.567525,0,285,1,TRUE
75,116,2013,38.682378,-120.839075,0,0,1,TRUE
76,110,2013,34.287,-117.451,0,0,0,FALSE
77,108,2013,36.772425,-119.628389,0,0,0,FALSE
78,105,2013,36.1531,-120.8973,0,0,0,FALSE
79,100,2013,37.91529,-120.33313,0,0,0,FALSE
80,100,2013,32.564465,-116.900368,0,0,0,FALSE
81,98,2013,38.9252,-122.966,0,0,0,FALSE
82,97,2013,41.73325,-120.375,0,0,0,FALSE
83,97,2013,33.642,-116.706,0,0,0,FALSE
84,97,2013,40.88886,-120.958126,0,0,0,FALSE
85,96,2013,38.27783,-120.966016,0,0,0,FALSE
86,94,2013,35.4393,-120.8358,0,0,0,FALSE
87,92,2013,39.6612,-121.50354,2,80,0,TRUE
88,91,2013,37.1927,-119.7917,0,0,1,TRUE
89,90,2013,33.9582,-116.6534,0,0,0,FALSE
90,85,2013,35.62743,-120.83417,0,0,0,FALSE
91,82,2013,39.0442,-123.1478,0,0,0,FALSE
92,80,2013,39.731878,-121.713938,1,35,0,TRUE
93,75,2013,34.316,-117.352,0,0,0,FALSE
94,75,2013,37.169379,-119.75636,0,221,0,TRUE
95,75,2013,34.1834,-117.4408,1,292,1,TRUE
96,75,2013,38.441792,-122.350844,0,0,0,FALSE
97,73,2013,34.003151,-117.106075,0,0,0,FALSE
98,73,2013,39.206,-121.31634,0,0,0,FALSE
99,70,2013,39.013682,-122.491894,0,0,0,TRUE
100,68,2013,41.569,-120.959,0,0,0,FALSE
101,64,2013,34.384,-119.13249,0,0,0,FALSE
102,60,2013,38.838,-116.61,0,0,0,FALSE
103,60,2013,33.91027,-116.99895,0,0,0,FALSE
104,52,2013,39.333401,-121.107022,0,0,0,FALSE
105,51,2013,35.457978,-120.751555,0,219,0,TRUE
106,50,2013,39.0448,-122.7656,0,0,0,FALSE
107,50,2013,41.923323,-122.578393,0,0,0,FALSE
108,50,2013,37.1438,-121.7804,0,0,0,FALSE
109,50,2013,37.7393,-121.5869,0,0,0,FALSE
110,50,2013,35.5123,-120.6368,0,0,0,FALSE
111,46,2013,38.06231,-120.45233,2,169,0,TRUE
112,46,2013,37.03087,-119.463757,0,0,0,FALSE
113,45,2013,38.980846,-123.067671,0,0,0,FALSE
114,43,2013,40.373,-122.7338,0,0,0,FALSE
115,42,2013,33.96936,-117.1265,0,0,0,FALSE
116,41,2013,37.667295,-122.427285,0,0,0,FALSE
117,40,2013,37.342186,-121.717706,0,0,0,FALSE
118,40,2013,33.7655,-117.6649,0,0,0,FALSE
119,40,2013,33.570291,-116.10815,0,0,0,FALSE
120,40,2013,33.9634,-117.2508,0,0,0,FALSE
121,40,2013,34.001745,-117.302057,0,0,0,FALSE
122,40,2013,33.655638,-116.161201,0,65,0,TRUE
123,38,2013,38.89555,-120.84716,0,0,0,FALSE
124,38,2013,39.1591,-122.5906,0,0,0,FALSE
125,38,2013,37.74241,-121.86216,0,0,0,FALSE
126,35,2013,36.763367,-119.558244,0,0,0,FALSE
127,35,2013,35.49864,-120.91375,0,0,0,FALSE
128,33,2013,40.483662,-122.140914,0,0,0,FALSE
129,31,2013,37.965364,-120.696362,0,0,0,FALSE
130,30,2013,38.9777,-122.683,0,0,0,TRUE
131,30,2013,38.99233,-122.703193,0,0,0,FALSE
132,30,2013,34.288877,-116.941311,0,0,0,FALSE
133,28,2013,38.4229,-122.0437,0,0,0,TRUE
134,28,2013,38.4229,-122.0437,0,0,0,TRUE
135,28,2013,38.4229,-122.0437,0,0,0,TRUE
136,28,2013,38.4229,-122.0437,0,0,0,TRUE
137,27,2013,40.473356,-122.48259,0,0,0,FALSE
138,25,2013,32.612773,-116.707335,0,0,0,FALSE
139,25,2013,38.98058,-122.81796,0,0,0,FALSE
140,25,2013,33.96201,-116.907213,0,0,0,FALSE
141,23,2013,38.9289,-122.5818,0,0,0,FALSE
142,15,2013,33.94528,-117.09306,0,0,0,FALSE
143,97717,2014,38.805437,-120.629714,12,0,80,TRUE
144,39736,2014,40.901,-121.368,0,0,0,FALSE
145,35302,2014,42.048,-122.345,0,0,0,FALSE
146,32416,2014,40.72,-121.562,11,78,21,TRUE
147,13153,2014,41.1336,-121.2144,7,297,6,TRUE
148,12661,2014,40.4314,-122.750788,21,0,20,TRUE
149,6488,2014,38.512,-122.104,5,87,0,TRUE
150,6258,2014,41.141,-122.805,0,0,0,FALSE
151,5503,2014,41.682,-122.127,0,0,0,FALSE
152,5367,2014,33.3529,-117.284889,0,0,0,TRUE
153,4300,2014,38.664,-122.454,4,0,9,TRUE
154,4300,2014,38.664,-122.454,4,0,9,TRUE
155,4240,2014,38.5691,-120.7819,2,40,67,TRUE
156,4240,2014,38.5691,-120.7819,2,40,67,TRUE
157,4045,2014,35.7206,-118.4747,0,0,0,FALSE
158,3895,2014,35.70683,-118.555527,0,0,0,FALSE
159,2143,2014,34.169346,-117.547374,3,583,0,TRUE
160,1995,2014,33.1137,-117.1599,3,514,40,TRUE
161,1952,2014,34.1703,-117.8816,0,0,0,FALSE
162,1680,2014,35.642,-118.15,0,0,0,FALSE
163,1651,2014,41.89,-120.79,0,0,0,FALSE
164,1548,2014,33.003,-117.133,3,211,0,TRUE
165,1469,2014,41.489,-120.904,0,427,0,TRUE
166,1457,2014,33.417572,-117.550567,0,0,0,FALSE
167,1375,2014,40.7101,-122.171,4,169,4,TRUE
168,968,2014,33.748,-117.601,0,0,0,FALSE
169,865,2014,40.134597,-121.790183,0,0,0,FALSE
170,632,2014,34.609,-120.454,0,548,0,TRUE
171,612,2014,37.3433,-119.6581,3,188,47,TRUE
172,600,2014,33.1109,-117.279,0,0,0,FALSE
173,580,2014,40.7412,-122.946,2,46,1,TRUE
174,516,2014,41.42384,-122.37432,1,453,165,TRUE
175,487,2014,37.76617,-120.45087,0,0,0,FALSE
176,400,2014,36.6313,-121.4819,0,0,0,TRUE
177,380,2014,33.312,-117.162,0,0,0,TRUE
178,333,2014,40.884415,-123.773779,0,0,0,FALSE
179,320,2014,37.311915,-119.604124,4,90,69,TRUE
180,311,2014,37,40.34,0,0,0,FALSE
181,274,2014,34.267,-117.867,0,0,0,FALSE
182,269,2014,37.787,-120.452,0,0,0,FALSE
183,247,2014,39.113682,-120.999508,0,53,0,TRUE
184,225,2014,40.009827,-122.345078,0,0,0,FALSE
185,217,2014,33.078948,-116.576454,4,91,3,TRUE
186,210,2014,41.134,-123.753,0,0,0,FALSE
187,190,2014,34.235,-117.771,0,0,0,FALSE
188,175,2014,39.1647,-122.5983,0,0,0,FALSE
189,143,2014,40.6569,-122.2215,0,0,0,FALSE
190,130,2014,37.7103,-120.197,1,10,0,TRUE
191,125,2014,32.81,-116.49,0,0,0,FALSE
192,120,2014,120.679019,38.178241,0,0,0,FALSE
193,113,2014,37.399,-118.352,0,256,0,TRUE
194,106,2014,36.8266,-119.3415,0,0,0,FALSE
195,101,2014,41.507,-121.266,0,0,0,FALSE
196,94,2014,38.59,-120.028,0,0,0,FALSE
197,85,2014,38.058,-120.66,1,0,1,TRUE
198,84,2014,39.3918,-120.0805,0,0,0,FALSE
199,80,2014,37.5359,-121.5118,0,0,0,TRUE
200,75,2014,40.5719,-121.3415,0,108,0,TRUE
201,75,2014,36.103,-121.117,0,0,0,FALSE
202,72,2014,39.4664,-121.6129,0,0,0,FALSE
203,70,2014,37.8316,-120.3434,0,0,0,FALSE
204,70,2014,121.999,38.453,0,0,0,FALSE
205,57,2014,33.5982,-116.1985,0,0,0,FALSE
206,50,2014,40.39,-122.721,0,0,0,FALSE
207,48,2014,33.93869,-117.70643,0,0,0,FALSE
208,47,2014,35.8218,-121.0226,0,0,0,FALSE
209,40,2014,36.991825,-119.525506,4,0,1,TRUE
210,38,2014,39.1871,-121.2687,0,0,0,FALSE
211,30,2014,38.608336,-120.703238,0,0,0,FALSE
212,29,2014,32.665,-116.222,0,0,0,FALSE
213,27,2014,38.695961,-122.384054,0,0,0,FALSE
214,25,2014,40,29.24,0,0,0,FALSE
215,25,2014,36.742747,-119.241493,0,0,0,FALSE
216,20,2014,38.9195001,-120.1140659,0,0,0,FALSE
217,20,2014,32.59154,-116.89516,0,0,0,FALSE
218,15,2014,40.41,-123.24,0,0,0,FALSE
219,10,2014,37,18.4,0,0,0,FALSE
220,151623,2015,36.874,-118.905,0,0,0,FALSE
221,69438,2015,38.8863538,-122.4762475,0,227,96,TRUE
222,31359,2015,34.16027778,-116.8927778,0,0,0,FALSE
223,25118,2015,38.8142503,-122.4867319,0,0,27,TRUE
224,25118,2015,38.8142503,-122.4867319,0,0,27,TRUE
225,10570,2015,40.938,-120.105,0,0,0,FALSE
226,6980,2015,36.24,-118.54,0,0,0,FALSE
227,5702,2015,37.279722,-119.50014,0,0,0,FALSE
228,4863,2015,41.399,-121.392,0,0,0,FALSE
229,4250,2015,34.339,-117.478,0,215,68,TRUE
230,2700,2015,37.3845,-121.3732,0,18,0,TRUE
231,2446,2015,35.3477,-120.6269,1,692,1,TRUE
232,2304,2015,39.192088,-120.882313,6,27,2,TRUE
233,1542,2015,40.924,-123.168,0,0,0,FALSE
234,1086,2015,36.3699644,-121.589554,0,55,20,TRUE
235,1049,2015,33.884313,-117.642759,0,54,0,TRUE
236,1042,2015,39.5218,-121.3363,1,613,0,TRUE
237,920,2015,37.165767,-119.523943,0,43,3,TRUE
238,673,2015,55.23,-122,0,270,0,TRUE
239,670,2015,36.70854,-121.32734,3,108,0,TRUE
240,543,2015,33.5736,-116.5387,0,0,0,FALSE
241,430,2015,36.085212,-118.824235,0,0,0,TRUE
242,415,2015,34.361007,-118.535793,0,0,0,FALSE
243,400,2015,39.43963,-121.38794,0,8,16,TRUE
244,275,2015,37.08312,-121.06963,0,0,0,FALSE
245,215,2015,38.925764,-122.879272,0,0,0,TRUE
246,214,2015,33.7626,-117.7274,0,0,0,FALSE
247,212,2015,40.415108,-122.439939,2,120,5,TRUE
248,204,2015,37.823,-120.15644,0,115,0,TRUE
249,200,2015,34.367,-117.683,0,0,0,FALSE
250,200,2015,41.485,-121.851,0,0,0,FALSE
251,195,2015,37.81629,-121.68113,0,0,0,FALSE
252,181,2015,41.8048,-122.5029,0,0,0,FALSE
253,171,2015,32.9421,-116.8534,0,0,0,FALSE
254,170,2015,40.400196,-120.553075,0,0,0,FALSE
255,170,2015,39.8448,-122.3638,0,0,0,FALSE
256,167,2015,33.383889,-116.868611,0,0,0,FALSE
257,158,2015,41.295667,-123.784067,2,57,0,TRUE
258,158,2015,39.2688,-121.26471,3,250,0,TRUE
259,150,2015,38.4113,-122.0789,0,275,0,TRUE
260,146,2015,40.1058823,-124.0720419,0,45,0,TRUE
261,137,2015,40.05083333,-120.7016667,0,0,0,FALSE
262,135,2015,37.072561,-119.6958,0,0,0,FALSE
263,128,2015,40.724898,-122.96174,0,0,0,TRUE
264,116,2015,41.29226,-121.172117,0,0,0,FALSE
265,114,2015,38.052,-120.5577,0,20,0,TRUE
266,112,2015,37.83618,-120.61691,0,0,0,FALSE
267,110,2015,40.3506868,-121.7786799,0,0,1,TRUE
268,109,2015,40.47512,-122.52541,0,45,0,TRUE
269,108,2015,38.04684,-120.30188,1,59,3,TRUE
270,104,2015,39.8707,-121.8938,0,0,0,FALSE
271,100,2015,34.165974,-117.243878,0,0,0,FALSE
272,95,2015,36.5696373,-121.7556029,0,0,0,FALSE
273,95,2015,35.7183,-121.0157,0,379,0,TRUE
274,90,2015,40.49865,-122.20109,0,0,0,FALSE
275,86,2015,36.49845,-118.9009,4,150,0,TRUE
276,80,2015,32.6449163,-116.9454387,0,0,0,FALSE
277,77,2015,40.856422,-121.101623,0,0,0,FALSE
278,75,2015,40.67868,-121.93244,0,0,0,TRUE
279,75,2015,40.509552,-122.199227,2,40,1,TRUE
280,75,2015,38.776,-120.404,0,0,0,FALSE
281,72,2015,26.42,-121,0,190,1,TRUE
282,67,2015,35.77937,-120.19482,0,0,0,FALSE
283,60,2015,40.875667,-121.033667,0,0,0,FALSE
284,60,2015,38.260777,-121.135426,0,0,0,FALSE
285,59,2015,40.3929,-122.40546,0,0,0,TRUE
286,55,2015,34.23,-116.883,0,0,0,FALSE
287,55,2015,33.4115972,-117.2886249,0,0,0,FALSE
288,55,2015,40.0133,-122.552,0,0,0,FALSE
289,54,2015,34.0783472,-117.0487863,0,0,0,TRUE
290,52,2015,34.9522,-120.2903,0,0,0,FALSE
291,50,2015,34.15,-118.879444,0,0,0,FALSE
292,50,2015,39.43301,-123.36316,0,0,0,FALSE
293,40,2015,40.400196,-120.553075,0,0,0,FALSE
294,40,2015,37.24523,-121.20324,0,0,0,FALSE
295,40,2015,38.1029,-122.1578,0,70,0,TRUE
296,38,2015,38.5287,-122.3415,0,120,0,TRUE
297,35,2015,40,41.46,0,0,0,FALSE
298,35,2015,39.7806004,-123.248214,0,0,0,FALSE
299,30,2015,39.081,-121.194,0,0,0,FALSE
300,30,2015,41.12362,-121.194256,0,0,0,FALSE
301,30,2015,39.33303,-121.18735,0,0,0,FALSE
302,26,2015,38.9361,-121.1548,0,0,0,FALSE
303,25,2015,32.682547,-116.51684,0,0,0,FALSE
304,25,2015,36.8727,-121.5681,0,0,0,FALSE
305,25,2015,33.21407,-116.73472,0,0,0,FALSE
306,24,2015,41.999341,-121.891226,0,49,0,TRUE
307,23,2015,39.0263,-123.303,0,0,0,FALSE
308,22,2015,38.831478,-122.53428,0,0,0,FALSE
309,21,2015,34.4828,-119.63216,0,0,0,FALSE
310,21,2015,33.986204,-117.43942,0,0,0,TRUE
311,20,2015,41.1513,-123.8292,0,195,0,TRUE
312,19,2015,38.519132,-122.181878,0,0,0,FALSE
313,18,2015,40.5953,-122.4397,1,0,0,TRUE
314,16,2015,40.1093,-123.774,0,0,0,FALSE
315,132127,2016,36.45994,-121.89938,0,0,0,TRUE
316,48019,2016,35.6115,-118.45628,0,0,0,FALSE
317,46344,2016,35.70595,-120.98316,1,0,70,TRUE
318,36274,2016,34.30372,-117.49342,0,914,321,TRUE
319,33867,2016,41.851,-123.118,0,0,0,FALSE
320,29322,2016,35.7506,-118.5678,0,0,0,FALSE
321,12518,2016,34.63445,-120.54421,0,0,0,FALSE
322,8110,2016,34.28771,-117.27338,1,960,0,TRUE
323,7609,2016,32.60729,-116.63028,0,78,16,TRUE
324,7474,2016,34.776,-119.643,0,0,0,TRUE
325,7050,2016,36.09974,-120.51057,0,20,2,TRUE
326,5731,2016,38.52513,-122.06788,0,58,2,TRUE
327,5646,2016,38.96741,-120.9375,3,0,0,TRUE
328,5646,2016,38.96741,-120.9375,3,0,0,TRUE
329,5443,2016,37.75985,-118.95309,0,0,0,FALSE
330,4824,2016,34.31,-118.335,0,0,0,FALSE
331,4474,2016,37.10632,-121.85318,0,62,28,TRUE
332,4347,2016,35.984,-118.551,0,0,0,FALSE
333,3929,2016,38.89741,-122.60664,0,32,300,TRUE
334,3876,2016,36.38123,-121.20059,1,22,0,TRUE
335,2944,2016,36.0749,-120.452041,0,188,0,TRUE
336,2860,2016,41.623,-123.557,0,0,0,FALSE
337,2652,2016,41.2649,-120.3178,0,0,0,FALSE
338,2575,2016,40.3915,-120.7845,1,78,7,TRUE
339,2520,2016,36.01542,-121.25029,0,0,0,FALSE
340,2304,2016,34.701,-119.144,0,0,0,FALSE
341,2241,2016,37.01591,-119.50507,0,167,4,TRUE
342,2100,2016,36.94536,-119.25959,0,0,0,FALSE
343,1785,2016,35.20993,-118.72272,3,0,0,TRUE
344,1547,2016,38.80017,-122.82895,2,14,0,TRUE
345,1246,2016,37.07147,-121.20155,0,0,0,FALSE
346,1245,2016,33.393,-117.35093,0,0,0,FALSE
347,1109,2016,34.36763,-118.57245,0,0,0,FALSE
348,1080,2016,37.79635,-120.32484,0,92,0,TRUE
349,850,2016,39.6871,-121.571,3,133,3,TRUE
350,710,2016,41.7813,-122.611,0,0,5,TRUE
351,650,2016,37.97,-119.14,0,0,0,FALSE
352,599,2016,41.28486,-123.82268,0,174,3,TRUE
353,554,2016,34.913,118.9082,0,0,0,FALSE
354,550,2016,39.6708,-121.7192,0,0,0,FALSE
355,518,2016,35.2013,-118.7212,0,0,0,FALSE
356,464,2016,40.0353,-122.56939,0,0,0,TRUE
357,450,2016,38.1874,-120.6381,0,0,0,TRUE
358,441,2016,40.36873,-122.72913,1,241,1,TRUE
359,400,2016,36.16965,-121.38775,0,0,0,FALSE
360,395,2016,36.1648,-118.73906,0,0,0,FALSE
361,380,2016,41.4657,-120.9066,0,0,0,FALSE
362,372,2016,38.385,-121.003611,0,0,0,FALSE
363,360,2016,40.30594,-122.1295,0,168,0,TRUE
364,341,2016,38.08056,-120.81394,0,0,0,FALSE
365,310,2016,38.02845,-120.61153,0,0,0,FALSE
366,304,2016,35.4976,-118.5097,0,0,0,FALSE
367,300,2016,39.188321,-121.78003,0,0,0,FALSE
368,278,2016,36.88286,-119.654,0,0,0,FALSE
369,277,2016,38.69971,-122.15457,0,0,0,FALSE
370,248,2016,39.92,-121.32,0,0,0,FALSE
371,221,2016,35.68313,-118.21793,0,0,0,FALSE
372,215,2016,34.75134,-120.55297,0,0,0,FALSE
373,215,2016,39.12366,-122.50373,0,350,0,TRUE
374,211,2016,37.74369,-121.58677,0,0,0,FALSE
375,210,2016,38.26874,-120.90265,0,0,0,TRUE
376,188,2016,36.92244,-119.39619,0,0,0,FALSE
377,176,2016,38.93449,-120.10744,0,0,0,TRUE
378,169,2016,38.8390117,-121.3090268,0,0,0,FALSE
379,158,2016,36.84479,-119.34487,0,0,0,TRUE
380,156,2016,34.276,-118.354,0,0,0,FALSE
381,150,2016,37.75972,-120.029626,0,0,0,FALSE
382,150,2016,33.6542,-117.5221,0,0,0,FALSE
383,150,2016,35.61961,-120.39993,0,0,0,FALSE
384,147,2016,37.62215,-121.36665,0,0,0,FALSE
385,145,2016,36.14161,-120.62048,0,0,0,FALSE
386,139,2016,33.476894,-117.140883,1,0,0,TRUE
387,138,2016,35.60748,-118.94811,0,0,0,FALSE
388,132,2016,36.78769,-119.38248,0,0,0,FALSE
389,130,2016,39.4403,-121.42647,0,0,0,FALSE
390,123,2016,37.0099,-119.5792,0,0,0,TRUE
391,120,2016,37.17072,-121.42238,0,0,0,FALSE
392,114,2016,37.41896,-121.79669,0,0,0,FALSE
393,112,2016,39.595,-121.6008,0,0,0,FALSE
394,103,2016,37.25601,-119.65776,0,0,0,FALSE
395,100,2016,40,-121.93923,0,0,0,FALSE
396,100,2016,35.24504,-118.60344,0,0,0,FALSE
397,100,2016,35.85093,-120.81081,0,0,0,FALSE
398,100,2016,32.9612,-116.7945,0,0,0,FALSE
399,95,2016,5487,-120.841536,0,0,0,FALSE
400,91,2016,39.33035,-121.78973,0,0,0,FALSE
401,88,2016,39.79547,-121.71662,0,0,0,TRUE
402,88,2016,40.07846,-122.2071,0,0,0,FALSE
403,88,2016,38.86804,-121.37704,0,0,0,FALSE
404,87,2016,38.517772,-121.103642,0,0,0,FALSE
405,86,2016,35.70821,-120.82266,0,0,0,FALSE
406,85,2016,37.3228,-119.7738,0,0,0,FALSE
407,85,2016,37.927613,-120.528836,0,0,0,TRUE
408,84,2016,38.8866,-122.04726,0,0,0,FALSE
409,83,2016,36.49914,-121.04993,0,0,0,FALSE
410,80,2016,40.19611,-122.26736,0,0,0,FALSE
411,80,2016,39.7947,-121.857,0,0,0,FALSE
412,78,2016,36.92244,-119.39619,0,0,0,FALSE
413,75,2016,40.68192,-122.4096,0,0,0,FALSE
414,70,2016,36.6543,-119.5327,0,0,0,FALSE
415,70,2016,36.2833,-121.3306,0,0,0,FALSE
416,70,2016,33.41639,-117.08829,3,250,7,TRUE
417,69,2016,39.0863,-122.7891,0,14,0,TRUE
418,65,2016,38.40958,-122.43172,0,86,0,TRUE
419,61,2016,35.77135,-120.251,0,0,0,FALSE
420,57,2016,38.33475,-122.02564,0,0,0,FALSE
421,57,2016,37.98171,-120.64241,0,0,0,TRUE
422,52,2016,36.1934,-120.9293,0,0,0,FALSE
423,50,2016,39.7299,-123.5044,0,0,0,FALSE
424,50,2016,34.3183,-117.3189,0,0,0,FALSE
425,50,2016,38.79549,-121.00299,0,0,0,TRUE
426,49,2016,39.43351,-121.6051,0,0,0,FALSE
427,47,2016,39.20427,-121.05948,0,0,0,FALSE
428,47,2016,33.57872,-117.77395,0,0,0,FALSE
429,45,2016,38.5212,-120.8416,0,150,0,TRUE
430,45,2016,36.09974,-120.51057,0,0,0,FALSE
431,45,2016,34.27619,-118.63264,0,0,0,FALSE
432,43,2016,39.93965,-122.40142,0,0,0,FALSE
433,40,2016,38.558,-121.1309,0,0,0,FALSE
434,40,2016,38.01264,-122.1885,0,0,0,FALSE
435,38,2016,39.39051,-120.51887,0,0,0,FALSE
436,38,2016,37.24006,-119.4741,0,0,0,FALSE
437,36,2016,39.8748511,-123.4267011,0,0,0,FALSE
438,36,2016,38.68403,-122.26015,0,0,0,FALSE
439,35,2016,33.22558,-117.14547,0,0,0,FALSE
440,35,2016,40.61213,-122.47091,0,0,0,FALSE
441,35,2016,37.96311,-120.67335,0,0,0,FALSE
442,33,2016,38.22017,-120.8678,0,0,0,FALSE
443,32,2016,41.6314,-122.7933,0,0,0,FALSE
444,32,2016,37.81434,-120.69521,0,0,0,FALSE
445,32,2016,38.3131,-121.06452,0,0,0,FALSE
446,30,2016,39.8851,-121.6998,0,0,0,FALSE
447,30,2016,36.58972,-118.15589,0,0,0,FALSE
448,30,2016,36.80296,-121.40304,0,0,0,FALSE
449,30,2016,39.624017,-121.595093,0,42,0,TRUE
450,30,2016,37.2171,-121.08036,0,0,0,FALSE
451,28,2016,33.254355,-117.158475,0,0,0,FALSE
452,28,2016,33.00056,-116.9571,0,0,0,TRUE
453,26,2016,38.2581,-120.8657,0,0,0,TRUE
454,26,2016,41.96191,-122.59328,0,0,0,FALSE
455,25,2016,37.11831,-121.69784,0,0,0,FALSE
456,25,2016,37.06531,-121.68577,0,0,0,FALSE
457,25,2016,38.64107,-120.6955,0,0,0,TRUE
458,25,2016,35.8378273,-121.0381507,0,0,0,FALSE
459,24,2016,40.61388,-122.46777,0,0,0,FALSE
460,23,2016,40.4572,-124.05804,0,0,0,FALSE
461,23,2016,41.71847,-122.36924,0,0,0,FALSE
462,21,2016,40.9878,-123.77832,0,0,0,FALSE
463,20,2016,34.25858,-117.4415,0,0,0,FALSE
464,20,2016,39.1408865,-122.9148951,0,0,0,FALSE
465,15,2016,33.11645,-116.58542,0,0,0,FALSE
466,10,2016,36.217,-118.551,0,0,0,FALSE
467,281893,2017,34.41521,-119.09124,0,0,1063,TRUE
468,281893,2017,34.41521,-119.09124,0,0,1063,TRUE
469,83733,2017,40.07045,-120.14013,0,0,0,FALSE
470,81826,2017,37.61757,-120.21321,0,0,131,TRUE
471,78698,2017,41.841,-123.474,0,0,0,FALSE
472,56556,2017,38.4041,-122.5209,0,0,1355,TRUE
473,56556,2017,38.4041,-122.5209,0,0,1355,TRUE
474,51624,2017,38.39206,-122.24367,0,0,120,TRUE
475,51624,2017,38.39206,-122.24367,0,0,120,TRUE
476,48889,2017,35.93273,-120.20014,0,0,1,TRUE
477,39715,2017,42.039,-123.218,0,0,0,FALSE
478,36807,2017,38.60895,-122.62879,0,0,5636,TRUE
479,36807,2017,38.60895,-122.62879,0,0,5636,TRUE
480,36556,2017,36.15356,-118.74103,5,1728,2,TRUE
481,36523,2017,39.24873,-123.16635,1,0,546,TRUE
482,28687,2017,35.0179,-120.3223,0,153,0,TRUE
483,27276,2017,41.59,-123.501,0,0,0,FALSE
484,21846,2017,40.76025,-123.10003,0,0,0,FALSE
485,18900,2017,36.27138,-118.48555,0,0,0,FALSE
486,18618,2017,40.69573,-119.93499,0,0,0,FALSE
487,18430,2017,34.55096,-119.9494,0,0,0,FALSE
488,17357,2017,38.76549,-122.90939,0,0,6,TRUE
489,15619,2017,34.31283,-118.35863,0,0,37,TRUE
490,13417,2017,40.2275,-123.03583,0,0,0,FALSE
491,12407,2017,37.44663,-119.64622,0,0,0,FALSE
492,10343,2017,36.12089,-120.37116,0,432,0,TRUE
493,9989,2017,39.32198,-121.4021,0,0,264,TRUE
494,9217,2017,33.87041,-117.70975,4,677,25,TRUE
495,8925,2017,38.655,-119.55425,0,0,0,FALSE
496,8417,2017,39.62496,-121.52966,0,97,6,TRUE
497,8094,2017,37.644,-119.618,0,0,0,FALSE
498,7697,2017,41.466,-120.321,0,0,0,FALSE
499,7194,2017,34.22957,-118.2674,0,0,0,FALSE
500,7000,2017,37.538,-119.598,0,0,0,FALSE
501,6309,2017,33.530045,-116.594422,0,0,0,FALSE
502,6151,2017,39.39455,-121.40613,0,0,74,TRUE
503,6049,2017,34.45283,-118.58188,0,652,6,TRUE
504,6042,2017,40.43962,-120.22215,0,0,0,FALSE
505,6033,2017,39.45352,-121.41222,0,148,41,TRUE
506,5738,2017,36.07228,-120.26561,0,0,0,TRUE
507,5247,2017,38.329,-119.782,0,0,0,FALSE
508,4736,2017,40.17598,-123.36882,0,0,0,FALSE
509,4310,2017,39.9034,-120.9761,0,0,0,FALSE
510,4100,2017,33.3237,-117.163,0,0,157,TRUE
511,4016,2017,39.57701,-121.30209,2,0,54,FALSE
512,3874,2017,33.97471,-117.09984,0,0,0,TRUE
513,3142,2017,41.853,-123.676,0,0,0,FALSE
514,2940,2017,35.77896,-118.89627,0,0,0,FALSE
515,2662,2017,33.8668,-117.68598,0,0,0,FALSE
516,2575,2017,39.75312,-120.75485,0,0,0,FALSE
517,2312,2017,36.05187,-120.05404,0,0,0,FALSE
518,2295,2017,36.257,-118.296,0,0,0,FALSE
519,2289,2017,36.0226,-118.94252,0,0,0,FALSE
520,2269,2017,38.49521,-122.0251,4,123,0,TRUE
521,2207,2017,39.01387,-122.64543,0,0,162,TRUE
522,2056,2017,32.65597,-116.80527,0,665,0,TRUE
523,1816,2017,35.86949,-120.57894,0,0,0,FALSE
524,1816,2017,35.86949,-120.57894,0,0,0,FALSE
525,1800,2017,36.96655,-120.89261,0,0,0,FALSE
526,1749,2017,38.12,-119.941,0,0,0,FALSE
527,1660,2017,38.14242,-122.47301,0,0,0,FALSE
528,1649,2017,35.95911,-120.55579,0,727,0,TRUE
529,1626,2017,35.59904,-119.08312,0,0,0,FALSE
530,1598,2017,35.4025,-120.4992,0,0,4,TRUE
531,1538,2017,36.269125,-120.620791,0,0,0,TRUE
532,1522,2017,35.53456,-118.66733,0,0,0,FALSE
533,1503,2017,34.2976,-116.826,0,0,0,FALSE
534,1431,2017,37.0825,-119.8011,0,13,0,TRUE
535,1350,2017,35.543,-118.654,0,0,0,FALSE
536,1350,2017,34.00566,-117.30693,0,0,0,FALSE
537,1319,2017,35.76,-118.406,0,0,0,FALSE
538,1286,2017,38.5181,-121.104,0,0,0,FALSE
539,1200,2017,35.38298,-118.80123,0,0,0,FALSE
540,1088,2017,33.402411,-117.402445,0,0,0,FALSE
541,1083,2017,34.94373,-119.44751,0,0,0,FALSE
542,1044,2017,33.98212,-117.30819,0,0,0,TRUE
543,1035,2017,37.21616,-119.48067,0,0,4,TRUE
544,1020,2017,39.75371,-120.1397,0,0,0,FALSE
545,1000,2017,33.34988,-117.39818,0,0,0,FALSE
546,995,2017,40.98352,-121.81623,3,317,0,TRUE
547,976,2017,36.530836,-120.206592,0,0,0,FALSE
548,900,2017,39.30125,-123.28825,1,0,0,TRUE
549,867,2017,39.1234,-121.32957,0,0,0,FALSE
550,866,2017,33.60247,-117.34192,0,0,0,FALSE
551,859,2017,39.888,-120.066,0,0,0,FALSE
552,821,2017,39.24549,-121.12792,0,0,48,TRUE
553,800,2017,34.55607,-118.60703,0,0,0,FALSE
554,775,2017,35.7908,-120.77485,0,0,0,FALSE
555,760,2017,34.37443,-118.49343,0,0,0,FALSE
556,747,2017,39.439722,-120.027222,0,0,0,FALSE
557,690,2017,37.905545,-120.408135,0,0,0,TRUE
558,680,2017,37.37397,-119.83556,0,8,2,TRUE
559,670,2017,34.14575,-117.17813,0,0,0,FALSE
560,630,2017,37.3762,-119.9646,0,380,0,TRUE
561,562,2017,41.85763,-121.29581,0,0,0,FALSE
562,545,2017,33.95036,-116.88066,0,0,0,TRUE
563,530,2017,41.11989,-120.74968,0,0,0,FALSE
564,506,2017,35.4605,-118.85896,0,0,0,FALSE
565,486,2017,33.3906,-117.32348,0,0,0,FALSE
566,469,2017,41.3975,-122.8428,0,0,0,TRUE
567,460,2017,35.40357,-120.28037,0,0,0,FALSE
568,460,2017,34.09773,-117.10567,0,0,0,FALSE
569,450,2017,36.616986,-120.369347,0,0,0,FALSE
570,444,2017,34.67403,-120.4393,0,0,0,FALSE
571,429,2017,37.14624,-120.015509,0,0,0,FALSE
572,426,2017,38.848,-120.287,0,0,0,FALSE
573,422,2017,34.09454,-118.48178,0,0,0,TRUE
574,416,2017,36.22265,-119.06598,0,0,0,FALSE
575,410,2017,41.72163,-121.30451,0,0,0,FALSE
576,400,2017,32.84796,-116.85396,0,0,0,TRUE
577,400,2017,36.45491,-120.2445,0,0,0,FALSE
578,392,2017,39.34292,-121.12004,1,48,0,TRUE
579,391,2017,37.18356,-122.07012,1,10,6,TRUE
580,380,2017,41.16716,-120.58342,0,0,0,FALSE
581,370,2017,38.46111,-119.48284,0,0,0,FALSE
582,370,2017,38.02929,-122.25544,0,0,0,FALSE
583,357,2017,36.27306,-120.65185,0,0,0,FALSE
584,340,2017,35.42433,-120.47322,0,0,0,TRUE
585,339,2017,36.45809,-118.87676,4,435,0,TRUE
586,338,2017,34.92907,-118.9267,0,0,0,TRUE
587,325,2017,34.08492,-117.03826,0,0,0,TRUE
588,319,2017,41.478,-123.506,0,0,0,FALSE
589,300,2017,33.59257,-117.14979,0,0,0,FALSE
590,288,2017,35.41283,-118.84466,0,0,0,FALSE
591,260,2017,34.16564,-117.33334,0,0,0,FALSE
592,255,2017,33.34659,-116.66107,0,0,0,FALSE
593,245,2017,35.12269,-120.39387,0,0,0,TRUE
594,237,2017,36.24653,-120.31598,0,0,0,FALSE
595,236,2017,38.538332,-121.039267,0,0,0,FALSE
596,231,2017,37.87808,-121.78677,0,0,0,FALSE
597,225,2017,37.4591,-119.921,0,498,0,TRUE
598,225,2017,35.34541,-120.76464,0,0,0,FALSE
599,225,2017,35.21177,-119.87525,0,0,0,FALSE
600,206,2017,35.59804,-118.47939,0,0,0,FALSE
601,205,2017,33.85323,-117.48195,0,0,0,FALSE
602,200,2017,39.44543,-122.85194,0,0,0,FALSE
603,200,2017,37.72543,-121.90516,0,0,0,FALSE
604,200,2017,32.65003,-116.42907,0,0,0,TRUE
605,200,2017,33.689092,-117.396404,0,0,0,FALSE
606,194,2017,40.02261,-121.91425,0,0,0,FALSE
607,190,2017,34.9465,-119.8036,0,0,0,FALSE
608,186,2017,39.9864,-120.89746,0,0,0,FALSE
609,186,2017,36.704679,-120.405077,0,0,0,FALSE
610,184,2017,35.3091,-118.701,0,0,0,FALSE
611,183,2017,35.19008,-118.76152,0,0,0,FALSE
612,180,2017,40.47106,-122.43608,0,0,5,TRUE
613,170,2017,34.41204,-117.03031,0,0,0,TRUE
614,168,2017,33.87679,-117.00258,0,0,0,FALSE
615,168,2017,39.71101,-120.02325,0,0,0,FALSE
616,166,2017,39.37192,-121.53865,0,0,0,FALSE
617,157,2017,40.80968,-120.48641,0,0,0,FALSE
618,157,2017,37.12759,-120.0193,0,0,0,FALSE
619,155,2017,37.63358,-121.49925,0,0,0,FALSE
620,155,2017,41.9808,-121.9741,0,0,0,FALSE
621,153,2017,33.98639,-117.21314,0,0,0,FALSE
622,150,2017,39.74679,-121.67261,0,13,0,TRUE
623,150,2017,35.7751,-120.23656,0,0,0,TRUE
624,150,2017,35.6871,-120.3187,0,0,0,FALSE
625,150,2017,36.90967,-119.79315,0,0,0,FALSE
626,150,2017,34.30104,-117.45646,0,0,0,FALSE
627,148,2017,40.46836,-123.51619,0,0,0,FALSE
628,146,2017,39.02482,-123.1362,3,0,0,TRUE
629,143,2017,40.07613,-121.56858,0,0,0,FALSE
630,140,2017,38.559707,-120.70013,0,0,0,TRUE
631,136,2017,38.5758,-120.915,0,0,0,TRUE
632,135,2017,34.792882,-118.851943,0,0,0,FALSE
633,135,2017,35.8556,-118.74542,2,212,0,TRUE
634,134,2017,39.69717,-121.75417,0,0,0,FALSE
635,130,2017,38.40234,-120.52953,0,0,4,TRUE
636,130,2017,32.6001,-116.76997,0,220,0,TRUE
637,130,2017,35.78286,-120.22647,0,0,0,FALSE
638,128,2017,40.69554,-122.0122,0,0,0,FALSE
639,126,2017,36.5355,-120.6585,0,0,0,FALSE
640,125,2017,37.62823,-120.30046,0,0,0,FALSE
641,124,2017,37.90014,-120.36005,0,0,0,FALSE
642,122,2017,34.009026,-117.239099,0,0,0,FALSE
643,120,2017,35.31886,-120.50886,0,0,0,FALSE
644,120,2017,33.88287,-116.99651,0,0,0,FALSE
645,117,2017,38.29113,-120.62177,0,0,0,TRUE
646,116,2017,37.7393,-121.85663,0,0,0,FALSE
647,114,2017,38.49336,-122.2483,0,55,0,TRUE
648,111,2017,36.93332,-119.43376,0,0,0,FALSE
649,111,2017,39.38416,-121.5786,0,0,0,FALSE
650,105,2017,35.3024,-120.65279,0,0,0,FALSE
651,105,2017,33.950382,-116.884446,0,0,0,FALSE
652,103,2017,39.76243,-121.74121,0,0,0,FALSE
653,102,2017,36.36113,-120.32685,0,0,0,FALSE
654,101,2017,37.39801,-121.8179,0,0,0,FALSE
655,100,2017,32.64962,-116.37345,0,0,0,FALSE
656,100,2017,38.46123,-122.58152,0,0,0,TRUE
657,100,2017,39.0199,-122.57487,0,0,0,FALSE
658,100,2017,38.43658,-121.97233,0,0,0,FALSE
659,100,2017,36.99092,-121.59899,0,0,0,FALSE
660,100,2017,36.09486,-120.52189,0,0,0,FALSE
661,100,2017,37.14653,-121.68165,0,0,0,FALSE
662,100,2017,34.19076,-117.26969,0,0,0,FALSE
663,99,2017,34.035344,-116.940661,0,0,0,FALSE
664,92,2017,33.57139,-116.8247,0,0,0,TRUE
665,91,2017,36.95104,-119.65621,0,0,5,TRUE
666,91,2017,39.52499,-121.64897,0,0,0,FALSE
667,90,2017,37.09773,-120.02027,0,0,0,FALSE
668,87,2017,39.15016,-122.576,0,0,0,TRUE
669,86,2017,34.34949,-119.30918,0,0,0,FALSE
670,85,2017,117.337331,34.015742,0,0,0,FALSE
671,85,2017,40.11794,-123.76099,0,0,0,FALSE
672,85,2017,34.20152,-117.14466,0,0,0,FALSE
673,85,2017,37.3344,-121.71752,0,0,0,FALSE
674,82,2017,35.86596,-120.64584,0,0,0,FALSE
675,81,2017,33.38613,-117.46709,0,0,0,FALSE
676,80,2017,38.869036,-119.61865,0,0,0,FALSE
677,79,2017,40.13278,-120.9204,0,0,0,FALSE
678,79,2017,35.89423,-119.00334,0,0,0,FALSE
679,78,2017,36.96607,-121.55552,0,0,0,FALSE
680,78,2017,40.38944,-122.13088,0,0,0,FALSE
681,76,2017,39.19325,-121.08406,0,0,13,TRUE
682,76,2017,36.8005,-119.35901,0,0,0,FALSE
683,74,2017,35.5956,-120.56068,0,0,0,FALSE
684,74,2017,38.7803,-120.97111,0,0,0,TRUE
685,74,2017,34.07612,-117.06765,0,0,0,FALSE
686,73,2017,35.78616,-120.96514,0,0,0,FALSE
687,72,2017,33.75526,-117.25075,0,0,0,FALSE
688,70,2017,35.4403,-120.2913,0,0,0,FALSE
689,70,2017,39.01224,-122.20127,0,76,0,TRUE
690,70,2017,37.25014,-121.68562,0,0,0,FALSE
691,70,2017,36.60736,-120.5828,0,0,0,FALSE
692,69,2017,36.7279,-119.28241,0,0,0,FALSE
693,68,2017,38.33707,-121.11113,0,0,0,FALSE
694,67,2017,40.03392,-120.1064,0,0,0,FALSE
695,65,2017,37.82934,-120.68992,0,0,0,FALSE
696,63,2017,33.81976,-117.18552,0,0,0,FALSE
697,63,2017,37.36914,-120.0088,0,0,0,FALSE
698,62,2017,33.20988,-116.46989,0,0,0,FALSE
699,62,2017,38.94599,-122.81135,0,0,0,TRUE
700,62,2017,37.64898,-120.4925,0,0,0,FALSE
701,60,2017,40.32063,-122.83208,0,0,0,FALSE
702,59,2017,36.18815,-118.78928,0,0,0,FALSE
703,59,2017,38.18303,-120.85322,0,0,0,TRUE
704,58,2017,36.7528,-119.2288,0,0,3,TRUE
705,58,2017,39.42604,-123.03344,0,0,0,FALSE
706,58,2017,36.64404,-118.99944,0,0,0,FALSE
707,58,2017,35.346,-120.62825,0,0,0,FALSE
708,57,2017,40.1583,-122.3209,0,0,0,FALSE
709,57,2017,36.81476,-119.51592,0,0,0,FALSE
710,56,2017,41.93006,-122.36545,0,0,0,FALSE
711,55,2017,38.4446,-122.0041,0,0,2,TRUE
712,55,2017,41.99483,-121.90077,0,0,0,FALSE
713,55,2017,34.03941,-118.58624,0,0,0,FALSE
714,54,2017,41.222,-122.292,0,0,0,FALSE
715,54,2017,41.222,-122.27499,0,0,0,FALSE
716,54,2017,37.33454,-121.76323,0,0,0,FALSE
717,51,2017,37.44485,-121.84108,0,0,0,FALSE
718,50,2017,35.21556,-118.56578,0,0,0,FALSE
719,50,2017,33.8826,-117.00589,0,0,0,FALSE
720,50,2017,34.22551,-118.05545,0,0,0,FALSE
721,50,2017,37.41591,-122.3001,0,85,0,TRUE
722,50,2017,35.70639,-118.47307,0,0,0,FALSE
723,50,2017,34.72379,-120.13249,0,0,0,FALSE
724,50,2017,39.06308,-121.303,0,0,0,FALSE
725,50,2017,34.20599,-118.98603,0,0,0,FALSE
726,50,2017,33.87739,-117.16215,0,0,0,FALSE
727,50,2017,33.23281,-117.29509,0,0,0,FALSE
728,48,2017,36.94652,-120.90462,0,0,0,FALSE
729,48,2017,33.58577,-116.07429,0,0,0,FALSE
730,47,2017,36.38109,-121.00391,0,0,0,FALSE
731,47,2017,35.06472,-120.5634,0,0,0,FALSE
732,46,2017,33.6444,-117.3968,0,0,0,FALSE
733,46,2017,34.149,-117.189,0,0,0,FALSE
734,46,2017,41.8721,-122.4571,0,0,0,TRUE
735,45,2017,33.9885,-117.38417,0,0,0,FALSE
736,45,2017,35.28738,-120.44448,0,0,0,FALSE
737,45,2017,40.48712,-121.85645,0,0,0,FALSE
738,44,2017,37.56181,-121.56425,0,0,0,FALSE
739,43,2017,39.81517,-122.28165,0,0,0,FALSE
740,43,2017,36.17297,-120.87609,0,0,0,FALSE
741,42,2017,35.96275,-121.08753,0,0,0,FALSE
742,42,2017,40.10282,-122.27379,0,0,0,FALSE
743,42,2017,41.38247,-120.53443,0,0,0,FALSE
744,41,2017,41.99279,-122.9401,0,0,0,FALSE
745,41,2017,34.10446,-118.70294,0,0,0,FALSE
746,41,2017,35.05076,-118.90004,0,0,0,FALSE
747,40,2017,33.96514,-117.4764,0,0,0,FALSE
748,40,2017,33.90327,-116.50151,0,0,0,FALSE
749,40,2017,34.13534,-117.4982,0,0,0,FALSE
750,40,2017,40.70627,-122.24199,0,0,0,FALSE
751,40,2017,35.59302,-118.46734,0,0,0,FALSE
752,40,2017,41.98128,-124.01168,0,0,0,FALSE
753,40,2017,41.02705,-123.63721,0,0,0,FALSE
754,40,2017,40.29831,-122.70449,0,0,0,FALSE
755,40,2017,38.86056,-122.62382,0,0,0,FALSE
756,40,2017,36.66684,-121.74826,0,0,0,FALSE
757,39,2017,37.896778,-120.504134,0,0,0,FALSE
758,39,2017,39.06522,-121.3519,0,0,5,TRUE
759,39,2017,38.07481,-122.23004,0,0,0,FALSE
760,38,2017,37.9775,-122.65749,0,0,0,FALSE
761,38,2017,37.85137,-120.45268,0,0,0,FALSE
762,37,2017,40.774,-122.309,0,0,0,FALSE
763,36,2017,37.65963,-120.34802,0,0,0,FALSE
764,36,2017,33.1683,-116.77342,0,0,0,FALSE
765,35,2017,33.74925,-117.10301,0,0,0,FALSE
766,35,2017,38.08055,-122.77846,0,0,0,FALSE
767,35,2017,33.99316,-117.48405,0,0,0,FALSE
768,35,2017,38.45822,-120.92162,0,0,0,FALSE
769,35,2017,35.37351,-118.84134,0,0,0,FALSE
770,35,2017,33.96419,-117.20507,0,0,0,FALSE
771,34,2017,34.21829,-117.40625,0,0,0,FALSE
772,34,2017,33.73547,-117.33364,0,0,0,FALSE
773,34,2017,40.03697,-123.64214,0,0,0,FALSE
774,34,2017,36.85596,-121.30983,0,0,0,FALSE
775,33,2017,33.763304,-117.314994,0,0,0,FALSE
776,33,2017,33.584036,-116.972036,0,0,0,FALSE
777,33,2017,35.60633,-118.4642,0,0,0,FALSE
778,32,2017,40.804,-123.375,0,0,0,FALSE
779,32,2017,40.79902,-123.39253,0,0,0,FALSE
780,32,2017,33.62613,-117.07975,0,0,0,FALSE
781,32,2017,35.90092,-120.93371,0,0,0,TRUE
782,32,2017,35.902149,-120.983684,0,0,0,FALSE
783,31,2017,36.5858,-121.80377,0,0,0,FALSE
784,31,2017,36.099681,-120.443545,0,0,0,FALSE
785,31,2017,35.60001,-118.4683,0,0,0,FALSE
786,30,2017,34.52055,-118.62882,0,0,0,FALSE
787,30,2017,40.27582,-123.64281,0,0,0,FALSE
788,30,2017,33.96896,-117.25411,0,0,0,FALSE
789,29,2017,38.77921,-120.46234,0,0,0,FALSE
790,29,2017,40.29118,-122.42606,0,0,0,FALSE
791,28,2017,39.8255,-121.7127,0,0,0,FALSE
792,28,2017,41.4844,-120.36659,0,0,0,FALSE
793,28,2017,41.93323,-124.19629,0,0,0,FALSE
794,28,2017,33.79925,-117.11659,0,0,0,FALSE
795,27,2017,41.64469,-120.31814,0,0,0,TRUE
796,27,2017,33.82165,-116.96079,0,0,0,FALSE
797,26,2017,39.03168,-121.40947,0,0,0,FALSE
798,26,2017,33.71025,-117.31924,0,0,0,FALSE
799,26,2017,33.94788,-116.59719,0,0,0,FALSE
800,25,2017,33.18716,-116.50897,0,0,0,FALSE
801,25,2017,35.76343,-121.04445,0,0,0,FALSE
802,25,2017,32.59252,-116.61609,0,0,0,FALSE
803,25,2017,40.71923,-122.02525,0,0,0,FALSE
804,25,2017,32.7789,-116.8516,0,0,0,FALSE
805,25,2017,37.02081,-119.95136,0,0,0,FALSE
806,25,2017,34.29931,-118.37539,0,0,0,FALSE
807,25,2017,32.679,-116.29296,0,0,0,FALSE
808,23,2017,33.50488,-117.02132,0,0,0,FALSE
809,22,2017,37.77982,-122.169,0,0,0,FALSE
810,22,2017,38.20176,-120.67848,0,0,0,FALSE
811,22,2017,38.68347,-122.2654,0,80,0,TRUE
812,21,2017,35.41112,-120.00353,0,0,0,FALSE
813,21,2017,39.01748,-122.49327,0,0,0,FALSE
814,21,2017,36.10858,-118.81979,0,0,0,FALSE
815,21,2017,39.364,-121.4143,0,0,0,FALSE
816,21,2017,36.35578,-120.99552,0,0,0,FALSE
817,20,2017,40.88516,-123.96844,0,0,0,TRUE
818,20,2017,38.51937,-123.24713,0,0,0,FALSE
819,20,2017,40.20077,-122.24731,0,0,0,FALSE
820,20,2017,37.65986,-120.31157,0,0,0,FALSE
821,20,2017,34.139,-117.199,0,0,0,FALSE
822,20,2017,39.13207,-123.10227,0,0,0,TRUE
823,20,2017,33.52584,-116.85226,0,0,0,FALSE
824,20,2017,37.86549,-122.2102,0,0,0,FALSE
825,20,2017,35.983,-119.91508,0,0,0,FALSE
826,20,2017,35.77082,-120.92482,0,0,0,FALSE
827,19,2017,33.88994,-116.91023,0,0,0,FALSE
828,19,2017,39.06414,-121.13737,0,0,0,FALSE
829,19,2017,33.797216,-117.124538,0,0,0,FALSE
830,19,2017,40.39799,-123.57562,0,0,0,FALSE
831,19,2017,37.81827,-120.65764,0,0,0,FALSE
832,19,2017,40.703775,-122.645079,0,0,0,TRUE
833,19,2017,35.71704,-118.30601,0,0,0,FALSE
834,18,2017,38.26294,-122.71998,0,0,0,FALSE
835,18,2017,39.53944,-121.54722,0,0,0,FALSE
836,18,2017,36.61332,-120.7109,0,0,0,FALSE
837,18,2017,36.1727,-120.86682,0,0,0,FALSE
838,17,2017,37.41231,-119.87465,0,0,0,FALSE
839,17,2017,40.92602,-121.5935,0,20,0,TRUE
840,17,2017,40.69259,-122.17384,0,0,0,FALSE
841,17,2017,35.556667,-120.474,0,0,0,FALSE
842,17,2017,36.2771,-120.94328,0,0,0,TRUE
843,17,2017,33.88466,-116.99229,0,0,0,FALSE
844,16,2017,35.188,-119.2877,0,0,0,FALSE
845,16,2017,34.04412,-116.55326,0,0,0,FALSE
846,16,2017,36.96642,-119.58292,0,0,0,FALSE
847,15,2017,39.87983,-122.5415,0,0,0,FALSE
848,15,2017,39.16826,-120.95498,0,0,0,FALSE
849,15,2017,41.45589,-120.56933,0,0,0,FALSE
850,15,2017,35.947,-120.87492,0,0,0,FALSE
851,15,2017,38.19906,-120.83484,0,0,0,FALSE
852,15,2017,33.56777,-116.08003,0,0,0,FALSE
853,14,2017,34.71796,-120.27077,0,0,0,FALSE
854,14,2017,34.605358,-120.414875,0,0,0,FALSE
855,14,2017,39.8629,-121.6268,0,0,0,FALSE
856,14,2017,35.80375,-120.52508,0,0,0,FALSE
857,14,2017,33.97155,-117.44148,0,0,0,FALSE
858,13,2017,37.89532,-120.84748,0,0,0,FALSE
859,13,2017,38.69775,-120.73757,0,0,0,FALSE
860,13,2017,38.67474,-121.06088,0,0,0,FALSE
861,13,2017,34.304722,-117.3125,0,0,0,FALSE
862,12,2017,39.44257,-121.60683,0,0,0,FALSE
863,12,2017,35.6879,-120.3317,0,0,0,FALSE
864,12,2017,33.7866,-117.5048,0,0,0,FALSE
865,12,2017,37.21812,-121.07761,0,0,0,FALSE
866,11,2017,38.70289,-122.90217,0,0,0,FALSE
867,11,2017,33.913089,-117.096233,0,0,0,FALSE
868,10,2017,40.24789,-122.255,0,0,0,FALSE
869,10,2017,37.76888,-120.15846,0,0,0,FALSE
870,10,2017,37.10067,-119.32109,0,0,0,FALSE
871,10,2017,38.34421,-120.72274,0,0,0,FALSE
872,10,2017,34.23925,-117.85182,0,0,0,FALSE
873,10,2017,39.36902,-120.97586,0,0,0,FALSE
874,10,2017,40.48972,-122.38619,0,0,0,TRUE
875,10,2017,33.77896,-117.24091,0,0,0,FALSE
876,10,2017,39.50475,-121.33785,0,0,0,TRUE
877,10,2017,33.91806,-116.99321,0,0,0,FALSE
878,10,2017,39.08382,-121.06656,0,0,0,FALSE
879,10,2017,33.90965,-116.9669,0,0,0,FALSE
880,10,2017,117.138741,33.939428,0,0,0,FALSE
881,10,2017,35.564124,-118.796513,0,0,0,FALSE
882,10,2017,33.87107,-116.88097,0,0,0,FALSE
883,10,2017,39.23205,-121.376,0,0,0,FALSE
884,10,2017,34.87128,-118.35296,0,0,0,FALSE
885,10,2017,33.94673,-117.17773,0,0,0,FALSE
886,10,2017,36.44141,-121.34695,0,0,0,FALSE
887,410203,2018,39.243283,-123.103367,3,0,246,TRUE
888,410203,2018,39.243283,-123.103367,3,0,246,TRUE
889,410203,2018,39.243283,-123.103367,3,0,246,TRUE
890,410203,2018,39.243283,-123.103367,3,0,246,TRUE
891,229651,2018,40.65428,-122.62357,0,456,1614,TRUE
892,229651,2018,40.65428,-122.62357,0,456,1614,TRUE
893,153336,2018,39.8134,-121.4347,3,1065,18804,TRUE
894,96949,2018,34.235,-118.70128,0,0,1643,TRUE
895,96949,2018,34.235,-118.70128,0,0,1643,TRUE
896,96901,2018,37.6549,-119.88581,0,0,0,FALSE
897,90288,2018,38.80583,-122.18183,1,0,29,TRUE
898,90288,2018,38.80583,-122.18183,1,0,29,TRUE
899,63311,2018,40.9425,-122.43,0,0,42,FALSE
900,63311,2018,40.9425,-122.43,0,0,42,FALSE
901,48920,2018,39.04786,-123.11971,0,3100,35,TRUE
902,48920,2018,39.04786,-123.11971,0,3100,35,TRUE
903,48920,2018,39.04786,-123.11971,0,3100,35,TRUE
904,46150,2018,40.896,-122.219,0,0,0,TRUE
905,39387,2018,41.38544,-121.04386,0,0,0,FALSE
906,38008,2018,41.893332,-122.534655,3,350,83,TRUE
907,36450,2018,38.349,-119.929,0,0,0,FALSE
908,23136,2018,33.69888,-117.52055,0,0,24,FALSE
909,18703,2018,40.633536,-120.868091,0,0,0,FALSE
910,15185,2018,39.0674,-122.59848,1,0,22,TRUE
911,12300,2018,38.052055,-120.945482,0,0,1,FALSE
912,6974,2018,38.347395,-119.45186,0,0,0,FALSE
913,4564,2018,37.39339,-120.34207,0,0,0,FALSE
914,4531,2018,34.22685,-118.93444,0,0,4,TRUE
915,4064,2018,37.571,-119.118,0,0,0,FALSE
916,3889,2018,40.22027778,-122.18,0,196,0,TRUE
917,3716,2018,40.35068,-121.77867,1,0,0,TRUE
918,3674,2018,41.07944,-123.688056,0,0,0,FALSE
919,3380,2018,34.48229,-118.60858,0,0,0,FALSE
920,2995,2018,35.97896,-119.98329,0,0,0,FALSE
921,2956,2018,39.94355,-122.3571,0,0,5,TRUE
922,2950,2018,35.37444,-118.83556,0,0,0,FALSE
923,2883,2018,36.6734,-118.21881,0,564,0,TRUE
924,2490,2018,38.69601,-122.44468,0,0,0,TRUE
925,2290,2018,39.64978,-122.58218,0,0,1,TRUE
926,2225,2018,35.847778,-120.343056,0,0,0,FALSE
927,2162,2018,38.431278,-122.043747,0,180,1,TRUE
928,2100,2018,41.29363,-120.11461,0,0,0,FALSE
929,2070,2018,37.40208,-118.50235,0,0,0,TRUE
930,1900,2018,40.99344,-121.52225,0,0,0,TRUE
931,1756,2018,36.85156,-120.77206,0,0,0,FALSE
932,1751,2018,40.616251,-123.52019,0,0,0,FALSE
933,1678,2018,40.50318,-122.42308,1,0,11,TRUE
934,1500,2018,38.21396,-121.9424,0,0,0,FALSE
935,1500,2018,35.73629,-120.75593,0,0,0,FALSE
936,1352,2018,34.5486,-118.31138,0,0,0,FALSE
937,1350,2018,34.095568,-116.958806,0,0,0,TRUE
938,1314,2018,36.40755,-120.99322,0,0,0,TRUE
939,1265,2018,36.71537,-118.08449,0,325,0,TRUE
940,1261,2018,33.62924,-117.05992,0,0,0,FALSE
941,1200,2018,39.186144,-121.792885,0,0,0,FALSE
942,1120,2018,39.268611,-120.658333,0,0,0,TRUE
943,1014,2018,35.11416667,-120.0922222,0,0,0,FALSE
944,993,2018,35.387408,-118.817934,0,0,0,FALSE
945,972,2018,39.82877,-123.08489,0,0,0,FALSE
946,962,2018,39.77124,-121.76859,0,0,0,TRUE
947,856,2018,40.33682,-121.93908,0,0,0,FALSE
948,825,2018,38.42623,-120.95408,0,0,1,TRUE
949,822,2018,38.59694444,-121.9938889,0,0,0,FALSE
950,700,2018,38.82426,-121.451307,0,0,0,FALSE
951,668,2018,35.79012,-118.7393,0,0,0,FALSE
952,650,2018,36.00912,-120.82226,0,0,0,FALSE
953,646,2018,40.3768,-120.36403,0,0,0,FALSE
954,640,2018,37.75646,-121.60646,0,0,0,TRUE
955,573,2018,37.83388,-120.61746,0,0,0,FALSE
956,550,2018,39.36529,-121.51707,0,0,0,FALSE
957,513,2018,36.378333,-120.901167,0,0,0,TRUE
958,504,2018,32.833674,-116.7311,0,0,48,TRUE
959,484,2018,37.75375,-121.57918,0,0,1,FALSE
960,441,2018,40.316137,-120.45053,0,0,4,FALSE
961,400,2018,36.35502,-121.1563,0,0,0,FALSE
962,375,2018,35.95515,-120.86256,0,0,0,FALSE
963,367,2018,35.51777778,-118.6525,0,0,0,FALSE
964,365,2018,33.07892,-116.91845,0,0,0,TRUE
965,360,2018,37.38789,-119.68912,0,0,0,TRUE
966,347,2018,39.59872,-121.78208,0,0,0,FALSE
967,338,2018,37.735461,-118.970443,0,0,0,FALSE
968,328,2018,40.52909,-122.17457,0,0,0,FALSE
969,320,2018,37.449425,-121.88807,0,150,1,TRUE
970,316,2018,38.539806,-121.059979,0,0,0,FALSE
971,300,2018,40.60402,-122.9144,0,0,0,TRUE
972,300,2018,37.10181,-119.623981,0,0,0,FALSE
973,300,2018,33.389425,-117.502405,0,0,0,FALSE
974,290,2018,38.061298,-120.872244,0,0,0,FALSE
975,289,2018,37.197039,-120.002619,0,0,0,FALSE
976,282,2018,33.836101,-117.607577,0,0,0,FALSE
977,278,2018,36.65351,-121.0454,0,0,0,FALSE
978,268,2018,37.94714,-121.9921,0,0,0,FALSE
979,268,2018,40.18395,-122.27574,0,0,24,TRUE
980,265,2018,32.63046,-116.46674,1,0,0,TRUE
981,261,2018,40.34256,-121.43025,0,0,0,FALSE
982,260,2018,35.33916,-120.71488,0,0,0,FALSE
983,258,2018,34.0232,-119.76576,0,0,0,FALSE
984,250,2018,33.076239,-116.902985,0,0,0,FALSE
985,247,2018,37.89612,-121.85847,1,0,1,TRUE
986,224,2018,41.70877,-122.47293,0,0,0,TRUE
987,215,2018,41.085,-123.051,0,0,0,FALSE
988,215,2018,36.37532,-120.862579,0,0,0,FALSE
989,207,2018,33.41476,-117.24044,0,0,0,TRUE
990,205,2018,33.571763,-116.500058,0,0,0,FALSE
991,200,2018,34.91482,-118.92485,0,0,0,FALSE
992,200,2018,37.33924,-120.24315,0,0,0,FALSE
993,191,2018,39.491737,-121.637759,0,0,0,FALSE
994,186,2018,34.26734825,-118.6438159,0,0,0,FALSE
995,185,2018,37.05876,-121.176354,0,0,0,FALSE
996,175,2018,37.97638,-122.5275,0,0,0,FALSE
997,175,2018,33.55132,-117.72044,0,0,0,FALSE
998,172,2018,34.576944,-119.61416,0,0,0,FALSE
999,170,2018,40.12791,-122.19792,0,0,0,FALSE
1000,167,2018,36.18401,-120.69955,0,0,0,FALSE
1001,167,2018,40.34822,-120.82497,1,0,0,TRUE
1002,166,2018,34.2325,-117.846111,0,0,0,FALSE
1003,163,2018,37.80785,-120.30187,0,0,0,TRUE
1004,160,2018,38.45673,-121.94658,0,0,0,FALSE
1005,155,2018,40.36888889,-122.8905556,0,0,0,FALSE
1006,155,2018,33.787838,-117.746625,0,0,0,FALSE
1007,154,2018,33.925862,-117.654299,0,0,0,FALSE
1008,152,2018,38.02447,-122.727,0,0,0,TRUE
1009,150,2018,34.30166667,-119.0991667,0,0,0,FALSE
1010,150,2018,35.97677,-121.24898,0,0,0,FALSE
1011,150,2018,38.94388,-120.92611,0,0,0,TRUE
1012,147,2018,34.18075,-117.43184,0,0,0,FALSE
1013,136,2018,38.08424,-120.46078,0,0,0,FALSE
1014,135,2018,38.51943,-122.18353,0,0,8,TRUE
1015,128,2018,34.38039,-118.60441,0,0,0,FALSE
1016,127,2018,39.46543,-122.65582,0,0,0,FALSE
1017,127,2018,41.65935,-122.48556,0,0,0,FALSE
1018,125,2018,34.15475,-117.244366,0,0,0,FALSE
1019,120,2018,36.47766,-119.10433,0,0,0,FALSE
1020,117,2018,39.996944,-121.27,0,0,0,FALSE
1021,116,2018,36.59036,-120.82355,0,0,0,FALSE
1022,116,2018,37.06367,-121.53586,0,0,0,FALSE
1023,115,2018,37.707234,-120.199162,0,0,0,TRUE
1024,114,2018,35.56888889,-118.8013889,0,0,0,FALSE
1025,113,2018,34.463889,-119.831389,0,0,24,TRUE
1026,110,2018,34.62412,-120.22298,0,0,0,FALSE
1027,108,2018,36.75581,-119.42172,0,0,0,FALSE
1028,106,2018,38.8802,-123.0496,0,0,0,FALSE
1029,103,2018,39.02017,-122.57496,0,0,0,FALSE
1030,103,2018,40.31759,-122.21032,0,0,0,FALSE
1031,100,2018,33.0971179,-117.0242529,0,0,0,FALSE
1032,100,2018,36.21634,-118.82989,0,0,0,FALSE
1033,100,2018,34.22526,-117.40967,0,0,0,FALSE
1034,100,2018,35.56922,-120.12441,0,0,0,FALSE
1035,96,2018,35.9352,-121.11936,0,0,0,FALSE
1036,95,2018,35.1234,-118.72905,0,0,0,FALSE
1037,90,2018,39.038859,-123.38493,0,0,0,FALSE
1038,89,2018,40.94666,-121.27049,0,0,0,FALSE
1039,88,2018,40.83116,-120.19336,0,0,0,FALSE
1040,88,2018,37.179167,-119.431667,0,0,0,FALSE
1041,88,2018,37.056944,-121.01638,0,0,0,FALSE
1042,80,2018,-120.258,-120.258,0,0,0,FALSE
1043,80,2018,39.06715,-122.59789,0,0,1,FALSE
1044,80,2018,37.95766,-120.68902,0,0,2,TRUE
1045,77,2018,34.54305556,-120.3180556,0,0,0,FALSE
1046,76,2018,40.5939,-122.17173,0,0,1,TRUE
1047,76,2018,36.696879,-119.304499,0,0,0,FALSE
1048,75,2018,39.2976,-122.512012,0,0,0,TRUE
1049,75,2018,39.65578,-122.58666,0,0,0,FALSE
1050,73,2018,33.67815,-117.32281,0,0,0,FALSE
1051,70,2018,37.22545,-121.79189,0,0,0,FALSE
1052,70,2018,37.66074,-121.67144,0,0,0,FALSE
1053,70,2018,40.394073,-122.135924,0,0,0,FALSE
1054,70,2018,33.504964,-117.148204,0,0,0,FALSE
1055,68,2018,37.08529,-121.09354,0,0,0,FALSE
1056,67,2018,38.645,-120.874167,0,0,0,TRUE
1057,67,2018,39.279833,-123.258319,0,0,0,FALSE
1058,66,2018,38.82128,-121.03918,0,0,1,TRUE
1059,64,2018,36.64832,-121.03253,0,0,0,FALSE
1060,63,2018,37.1769444,-121.6869444,0,0,0,FALSE
1061,63,2018,40.741186,-122.649626,0,98,0,TRUE
1062,63,2018,33.56349,-116.732032,0,0,0,FALSE
1063,63,2018,41.83359,-122.99272,0,0,0,FALSE
1064,63,2018,37.32744,-121.10903,0,0,0,FALSE
1065,62,2018,34.86022,-118.87881,0,0,0,FALSE
1066,62,2018,34.53765,-118.75495,0,0,0,FALSE
1067,62,2018,38.24033,-121.09199,0,0,0,FALSE
1068,60,2018,40.346652,-122.308479,0,0,0,FALSE
1069,60,2018,38.8275,-122.3625,0,0,0,FALSE
1070,60,2018,37.14663,-119.91223,0,0,0,FALSE
1071,60,2018,35.58354,-120.624135,0,0,0,FALSE
1072,60,2018,35.663607,-120.670311,0,0,0,FALSE
1073,60,2018,34.74245,-120.18236,0,0,0,FALSE
1074,59,2018,33.35505,-117.03134,0,0,0,FALSE
1075,58,2018,35.17693,-120.48861,0,0,0,FALSE
1076,56,2018,40.95234,-121.21597,0,0,0,FALSE
1077,56,2018,37.79718,-121.85311,0,0,0,FALSE
1078,56,2018,37.0979,-119.75307,0,0,0,TRUE
1079,53,2018,34.24138,-117.42431,0,0,0,TRUE
1080,53,2018,40.33642,-120.93005,0,0,0,FALSE
1081,53,2018,37.47677,-119.84299,0,0,1,TRUE
1082,52,2018,41.50105,-120.61108,0,0,0,FALSE
1083,51,2018,35.30151,-120.64398,0,0,0,FALSE
1084,51,2018,40.824,-121.90215,0,192,0,TRUE
1085,51,2018,37.163594,-121.702547,0,0,0,FALSE
1086,50,2018,38.91152,-122.86854,0,0,1,TRUE
1087,50,2018,40.27754,-122.11375,0,0,0,FALSE
1088,50,2018,35.96689,-121.28185,0,0,0,FALSE
1089,48,2018,37.69926,-122.02805,0,0,0,FALSE
1090,45,2018,37.86339,-122.12351,0,0,0,FALSE
1091,45,2018,38.07135,-122.76751,0,0,0,FALSE
1092,43,2018,39.57202,-121.43131,2,168,0,TRUE
1093,40,2018,33.56921,-116.154398,0,0,0,FALSE
1094,40,2018,37.28365,-119.97546,0,0,0,FALSE
1095,40,2018,37.779209,-121.908976,0,0,0,FALSE
1096,40,2018,39.549167,-121.521111,0,0,0,FALSE
1097,39,2018,36.796,-121.40604,0,0,0,FALSE
1098,38,2018,40.60866,-122.38366,0,0,0,FALSE
1099,38,2018,32.78031,-117.06782,0,0,0,FALSE
1100,37,2018,35.64917,-120.71907,0,0,0,FALSE
1101,37,2018,41.58233,-122.33769,0,0,0,FALSE
1102,36,2018,38.981389,-122.97222,0,0,0,FALSE
1103,36,2018,33.640051,-117.085354,0,0,0,FALSE
1104,35,2018,39.62194,-123.28774,0,0,0,FALSE
1105,35,2018,33.759722,-117.460278,0,0,0,FALSE
1106,35,2018,40.95673,-121.6002,0,0,0,FALSE
1107,35,2018,36.83036,-121.36446,0,0,0,FALSE
1108,34,2018,35.17156,-118.51651,0,0,0,FALSE
1109,34,2018,37.71173,-121.55604,0,0,0,FALSE
1110,34,2018,36.42638,-118.70443,0,0,0,FALSE
1111,33,2018,39.84151,-121.62168,0,83,0,TRUE
1112,33,2018,40.00293,-122.44008,0,0,0,FALSE
1113,33,2018,34.17711,-117.15381,0,0,0,FALSE
1114,32,2018,36.938674,-119.3127769,0,0,0,FALSE
1115,32,2018,33.97902,-117.20534,0,0,0,FALSE
1116,32,2018,41.08583,-121.05722,0,0,0,FALSE
1117,32,2018,38.886518,-122.476381,0,0,0,FALSE
1118,31,2018,40.62693,-122.23449,0,0,0,FALSE
1119,30,2018,37.33563,-121.75815,0,0,0,FALSE
1120,30,2018,37.99618,-122.14097,0,0,0,FALSE
1121,30,2018,37.533026,-121.79733,0,0,0,FALSE
1122,30,2018,33.85852,-117.43521,0,0,0,FALSE
1123,30,2018,35.68539,-120.95157,0,0,0,FALSE
1124,30,2018,38.595865,-121.17693,0,0,0,FALSE
1125,30,2018,35.92436,-119.94083,0,0,0,FALSE
1126,28,2018,32.557566,-116.8663,0,0,0,FALSE
1127,27,2018,41.791859,-122.513883,0,0,0,FALSE
1128,26,2018,35.826333,-118.9821,0,0,0,FALSE
1129,25,2018,33.80406,-116.93188,0,0,0,FALSE
1130,25,2018,38.015323,-121.998967,0,0,0,FALSE
1131,25,2018,35.71859,-120.64028,0,0,0,FALSE
1132,24,2018,38.91842,-122.85276,0,0,0,TRUE
1133,23,2018,33.946896,-117.066643,0,0,0,FALSE
1134,23,2018,37.99113,-121.86473,0,0,0,FALSE
1135,23,2018,40.201826,-122.29388,0,0,0,FALSE
1136,22,2018,37.69965,-120.0545,0,0,7,FALSE
1137,21,2018,33.86439,-117.48144,0,0,0,FALSE
1138,20,2018,37.81111,-121.7944,0,0,0,FALSE
1139,20,2018,37.61158,-121.94182,0,0,0,FALSE
1140,20,2018,37.07793,-121.600023,0,0,0,FALSE
1141,20,2018,37.627119,-121.806775,0,0,0,FALSE
1142,20,2018,33.524412,-116.821724,0,0,0,FALSE
1143,20,2018,39.602703,-121.617698,0,0,0,FALSE
1144,20,2018,34.110516,-118.427886,0,0,0,FALSE
1145,20,2018,39.89075,-120.18499,0,0,0,FALSE
1146,18,2018,33.40178,-117.27467,0,0,0,FALSE
1147,18,2018,33.88744,-117.16232,0,0,0,FALSE
1148,17,2018,37.0125,-122.046,0,0,0,TRUE
1149,17,2018,38.265645,-120.892404,0,0,0,FALSE
1150,17,2018,33.742,-117.28189,0,0,0,FALSE
1151,16,2018,39.10494,-121.07039,0,0,0,FALSE
1152,16,2018,41.34453,-123.85404,0,0,0,FALSE
1153,16,2018,37.21803,-121.76828,0,0,0,FALSE
1154,15,2018,41.94046,-122.43933,0,0,0,FALSE
1155,15,2018,41.52123,-120.72362,0,0,0,FALSE
1156,15,2018,33.467999,-117.003829,0,0,0,FALSE
1157,15,2018,33.711263,-116.164058,0,105,0,TRUE
1158,14,2018,33.05737,-116.77154,0,0,0,FALSE
1159,14,2018,35.70086,-120.97339,0,0,0,FALSE
1160,14,2018,39.99309,-120.02137,0,0,0,FALSE
1161,14,2018,38.64953,-122.01762,0,0,0,FALSE
1162,13,2018,40.678889,-122.400556,0,0,0,FALSE
1163,13,2018,33.04898,-116.78928,0,80,0,TRUE
1164,13,2018,36.10499,-120.55324,0,0,0,FALSE
1165,12,2018,40.49618,-122.51597,0,0,0,FALSE
1166,12,2018,38.7448,-120.65672,0,0,4,TRUE
1167,12,2018,34.171786,-117.35606,0,0,0,FALSE
1168,12,2018,37.22791,-119.50461,0,0,0,FALSE
1169,12,2018,37.97638,-122.5275,0,0,0,FALSE
1170,12,2018,33.40769,-117.22974,0,0,0,FALSE
1171,12,2018,41.64805,-122.98442,0,0,0,FALSE
1172,12,2018,35.75737,-120.91793,0,0,0,FALSE
1173,12,2018,38.16303,-122.23059,0,0,0,FALSE
1174,12,2018,37.73835,-121.6039,0,0,0,FALSE
1175,12,2018,33.12213,-116.58759,0,0,0,FALSE
1176,11,2018,39.66492,-121.51772,0,0,0,FALSE
1177,11,2018,37.19817,-119.80414,0,0,0,FALSE
1178,11,2018,33.47413,-117.31468,0,0,0,FALSE
1179,11,2018,40.4635,-121.77419,0,0,0,FALSE
1180,10,2018,37.12857,-122.12036,0,0,0,FALSE
1181,10,2018,40.888785,-124.001849,0,0,0,FALSE
1182,10,2018,39.93427,-121.54103,0,0,0,FALSE
1183,10,2018,33.627006,-117.171731,0,0,0,FALSE
1184,10,2018,38.27229,-122.26389,0,0,0,FALSE
1185,10,2018,41.632373,-122.37985,0,0,0,FALSE
1186,10,2018,32.619855,-116.764733,0,0,0,FALSE
1187,10,2018,39.6139,-121.954098,0,0,0,FALSE
1188,10,2018,35.05747,-120.39295,0,0,12,FALSE
1189,10,2018,35.77017,-120.57833,0,0,0,FALSE
1190,10,2018,38.245151,-122.44408,0,0,0,FALSE
1191,10,2018,32.75072,-116.92404,0,0,0,FALSE
1192,10,2018,39.80827,-122.3307,0,0,0,FALSE
1193,10,2018,33.45014,-117.22215,0,0,0,FALSE
1194,10,2018,33.53924,-116.10231,0,0,0,FALSE
1195,1806,2019,34.282179,-118.803389,0,0,0,FALSE
1196,1300,2019,37.536069,-120.177018,0,0,0,FALSE
1197,1011,2019,33.9925,-117.059167,0,247,74,TRUE
1198,605,2019,40.00171,-122.25421,0,0,0,FALSE
1199,494,2019,34.01778,-117.4625,0,126,0,TRUE
1200,355,2019,38.838992,-121.325842,0,0,0,FALSE
1201,289,2019,35.79069,-120.73102,0,0,0,FALSE
1202,289,2019,35.79069,-120.73102,0,0,0,FALSE
1203,149,2019,37.241427,-120.027731,0,0,0,FALSE
1204,137,2019,36.319291,-120.460189,0,0,0,FALSE
1205,107,2019,40.900458,-121.320838,0,0,0,FALSE
1206,75,2019,33.8615,-116.897333,0,0,0,FALSE
1207,40,2019,37.828267,-122.103867,0,0,0,FALSE
1208,37,2019,33.259861,-117.027333,0,100,3,TRUE
1209,35,2019,37.62782,-121.68598,0,0,0,FALSE
1210,35,2019,37.420988,-121.371276,0,0,0,FALSE
1211,30,2019,40.463936,-122.435492,0,0,0,FALSE
1212,27,2019,38.115224,-120.78068,0,0,0,FALSE
1213,26,2019,34.202883,-116.4449,0,0,0,FALSE
1214,25,2019,32.794768,-116.839743,0,0,0,TRUE
1215,22,2019,38.538467,-120.965105,0,0,0,FALSE
1216,22,2019,37.093243,-121.586846,0,0,0,FALSE
1217,15,2019,38.045866,-122.245186,0,0,0,FALSE
1218,12,2019,33.463991,-116.914799,0,0,0,FALSE
1219,10,2019,39.613783,-123.458782,0,0,0,FALSE
1220,10,2019,37.178353,-122.07743,0,0,0,FALSE
1221,77758,2019,38.792458,-122.780053,4,55,374,TRUE
1222,54612,2019,40.061389,-120.680556,0,468,0,FALSE
1223,14217,2019,41.79591,-121.260305,0,0,0,FALSE
1224,10296,2019,37.034,-118.345,0,269,0,TRUE
1225,9999,2019,34.302212,-118.997115,0,626,4,TRUE
1226,8838,2019,40.12,-122.64,0,1936,2,TRUE
1227,8799,2019,34.32988,-118.48161,8,206,19,TRUE
1228,5737,2019,41.748,-121.056,0,40,0,FALSE
1229,5563,2019,37.604638,-119.96606,0,19,1,TRUE
1230,5332,2019,40.109,-122.789,0,0,0,FALSE
1231,4840,2019,37.826,-118.872,0,0,0,FALSE
1232,4615,2019,34.472778,-118.368056,0,509,22,TRUE
1233,3435,2019,38.724,-120.145,0,0,0,FALSE
1234,3380,2019,40.593,-120.581,0,0,0,FALSE
1235,3126,2019,34.5025,-119.785,0,0,0,FALSE
1236,2546,2019,36.28426,-120.94771,0,0,0,FALSE
1237,2534,2019,40.036379,-122.637837,4,69,0,TRUE
1238,2512,2019,38.88978,-122.23922,2,0,7,TRUE
1239,2500,2019,35.72057,-119.62762,0,0,0,FALSE
1240,2438,2019,39.892222,-120.029722,0,0,0,FALSE
1241,2422,2019,37.46577,-121.28312,0,0,0,FALSE
1242,1975,2019,36.284,-118.228,0,0,0,FALSE
1243,1926,2019,33.528469,-117.273157,3,35,0,TRUE
1244,1872,2019,41.862237,-122.662258,0,515,0,FALSE
1245,1764,2019,35.66318,-120.41128,0,0,0,FALSE
1246,1507,2019,32.573437,-116.658735,0,0,0,FALSE
1247,1350,2019,39.28926,-121.85906,0,0,0,FALSE
1248,1301,2019,42.033,-122.175,0,0,0,FALSE
1249,1165,2019,39.631945,-119.769881,0,0,0,FALSE
1250,1127,2019,35.343761,-119.913717,0,0,0,FALSE
1251,1020,2019,40.943799,-120.275298,0,0,0,FALSE
1252,974,2019,35.63111111,-120.2691667,0,0,0,FALSE
1253,835,2019,35.30759,-119.96498,0,0,0,FALSE
1254,757,2019,37.908362,-121.872941,0,0,0,FALSE
1255,756,2019,36.40193,-119.030621,0,185,0,FALSE
1256,745,2019,34.098191,-118.478717,0,0,0,FALSE
1257,703,2019,39.22431,-123.12887,0,0,0,FALSE
1258,604,2019,38.751648,-121.432636,0,0,0,FALSE
1259,600,2019,40.715556,-122.241944,3,187,14,TRUE
1260,600,2019,37.25988,-121.09375,0,0,0,FALSE
1261,526,2019,38.165873,-122.211671,0,163,1,FALSE
1262,525,2019,33.919507,-117.103765,0,0,0,FALSE
1263,520,2019,33.4853,-117.043723,0,235,0,TRUE
1264,496,2019,39.45296,-121.412619,0,16,2,TRUE
1265,448,2019,32.575556,-117.026667,0,0,0,FALSE
1266,448,2019,35.60989,-118.41204,0,0,0,FALSE
1267,423,2019,37.532028,-120.208019,0,0,0,FALSE
1268,420,2019,34.484722,-120.190833,0,0,0,FALSE
1269,381,2019,36.151,-118.185,0,9,0,FALSE
1270,350,2019,33.975405,-117.207068,0,0,1,TRUE
1271,328,2019,33.985972,-117.414111,0,0,0,FALSE
1272,316,2019,35.908333,-120.984167,0,0,0,FALSE
1273,300,2019,39.622137,-121.693472,0,0,0,FALSE
1274,283,2019,37.63206,-121.538382,0,0,0,FALSE
1275,280,2019,41.150392,-122.634108,0,259,0,FALSE
1276,280,2019,36.008889,-121.466944,0,0,0,FALSE
1277,279,2019,34.71011,-119.3547,0,0,0,FALSE
1278,263,2019,40.679318,-120.392768,0,0,0,FALSE
1279,260,2019,44.734,-120.606,0,40,0,FALSE
1280,257,2019,36.18479,-118.99229,0,0,0,FALSE
1281,250,2019,33.9369,-117.3063,0,0,0,FALSE
1282,244,2019,40.062304,-123.222196,0,0,0,FALSE
1283,244,2019,37.524378,-120.296551,0,0,0,FALSE
1284,240,2019,37.708743,-121.841879,0,0,0,FALSE
1285,227,2019,41.4929742,-123.2129356,0,0,0,FALSE
1286,225,2019,39.005262,-123.195306,3,328,0,TRUE
1287,220,2019,35.214364,-120.455883,4,515,0,TRUE
1288,214,2019,33.911,-116.980528,0,0,0,FALSE
1289,213,2019,37.016944,-119.934167,0,0,0,FALSE
1290,210,2019,37.312877,-120.242411,0,0,0,FALSE
1291,210,2019,37.21638,-121.70768,0,0,0,FALSE
1292,208,2019,34.9008333,-118.9183333,0,0,0,FALSE
1293,207,2019,39.28926,-121.85906,0,0,0,FALSE
1294,202,2019,37.944751,-120.84372,0,0,0,FALSE
1295,200,2019,34.183,-117.285,0,0,0,FALSE
1296,200,2019,37.99136,-121.64118,0,0,0,FALSE
1297,200,2019,34.23955,-119.20187,0,0,0,FALSE
1298,200,2019,32.787656,-116.806941,0,350,0,TRUE
1299,200,2019,34.630919,-120.187368,0,0,0,FALSE
1300,193,2019,40.072739,-120.158273,0,0,0,FALSE
1301,190,2019,37.32585,-121.110146,0,0,0,FALSE
1302,190,2019,35.95191,-120.8092,0,0,0,FALSE
1303,183,2019,38.158333,-122.118889,0,0,0,FALSE
1304,172,2019,35.03855,-119.19454,0,0,0,FALSE
1305,167,2019,33.635,-116.801111,0,25,0,FALSE
1306,167,2019,36.600167,-120.8405,0,0,0,FALSE
1307,161,2019,35.81778,-120.09715,0,0,0,FALSE
1308,156,2019,40.484329,-122.159393,0,8,0,TRUE
1309,156,2019,34.677864,-118.752395,0,0,0,FALSE
1310,156,2019,33.997528,-117.769766,0,0,0,FALSE
1311,155,2019,36.28001,-119.10974,0,0,0,FALSE
1312,150,2019,38.03545,-122.2241,0,0,0,FALSE
1313,150,2019,32.767649,-116.796032,0,0,0,FALSE
1314,148,2019,38.73817,-121.39419,0,0,0,FALSE
1315,145,2019,34.183624,-117.274276,0,0,0,FALSE
1316,144,2019,37.45899,-121.22093,0,0,0,FALSE
1317,140,2019,38.07205,-122.22463,0,0,0,FALSE
1318,139,2019,37.71734,-121.55867,0,0,0,FALSE
1319,131,2019,40.562,-120.544,0,0,0,FALSE
1320,131,2019,34.366111,-118.96,0,0,0,FALSE
1321,130,2019,40.886677,-120.336977,0,0,0,FALSE
1322,130,2019,39.831762,-123.846013,0,0,0,FALSE
1323,130,2019,33.650237,-116.172534,0,0,0,FALSE
1324,128,2019,37.467744,-121.842751,0,0,0,FALSE
1325,128,2019,41.909,-120.306,0,0,0,FALSE
1326,121,2019,36.66909,-119.3046,0,0,0,FALSE
1327,120,2019,33.39684,-117.29665,0,0,0,TRUE
1328,120,2019,35.57376,-120.11738,0,0,0,FALSE
1329,115,2019,35.65189,-118.92545,0,0,0,FALSE
1330,105,2019,34.675542,-118.342239,0,0,0,FALSE
1331,103,2019,41.43783,-120.23976,0,0,0,FALSE
1332,100,2019,34.665699,-119.94974,0,0,0,FALSE
1333,100,2019,32.566389,-116.7525,0,0,0,FALSE
1334,98,2019,33.900994,-117.170588,0,150,0,FALSE
1335,97,2019,33.055124,-116.742508,0,150,0,TRUE
1336,96,2019,33.8128372,-117.1228851,0,0,0,FALSE
1337,95,2019,35.004722,-120.435278,0,0,0,FALSE
1338,94,2019,33.740219,-117.333728,0,0,0,FALSE
1339,91,2019,34.156389,-118.950833,0,0,0,FALSE
1340,91,2019,41.749667,-123.000833,0,0,0,FALSE
1341,90,2019,37.962557,-121.468074,0,0,0,FALSE
1342,90,2019,40.41404,-122.66779,0,0,0,FALSE
1343,85,2019,38.898915,-120.946657,2,0,4,TRUE
1344,84,2019,38.3525,-121.123611,0,0,0,FALSE
1345,83,2019,37.838333,-120.625556,0,0,0,FALSE
1346,83,2019,41.834366,-122.656569,0,0,0,FALSE
1347,81,2019,38.455,-121.969167,0,0,0,FALSE
1348,81,2019,34.42386,-117.10318,0,0,0,FALSE
1349,81,2019,33.514658,-116.7884,0,0,0,FALSE
1350,80,2019,39.551423,-121.800538,0,0,0,FALSE
1351,80,2019,33.77777348,-117.487578,0,0,0,FALSE
1352,80,2019,32.57394,-116.760465,0,0,0,FALSE
1353,80,2019,37.433192,-121.807258,0,0,0,FALSE
1354,80,2019,33.56938,-116.07896,0,0,0,FALSE
1355,80,2019,39.24678,-121.32399,0,0,0,FALSE
1356,80,2019,39.24678,-121.32399,0,0,0,FALSE
1357,75,2019,39.100408,-122.496548,0,0,0,FALSE
1358,74,2019,37.18904,-121.694968,0,0,0,FALSE
1359,70,2019,39.15641,-121.56363,0,0,0,FALSE
1360,68,2019,39.847708,-122.1604,0,0,0,FALSE
1361,67,2019,37.896231,-122.636471,0,0,0,FALSE
1362,67,2019,38.20177,-120.827386,0,0,0,FALSE
1363,66,2019,35.906482,-120.992914,0,0,0,FALSE
1364,65,2019,39.11536,-120.76088,0,0,0,FALSE
1365,64,2019,38.481258,-122.143942,0,0,0,FALSE
1366,63,2019,41.70611111,-123.4375,0,0,0,FALSE
1367,63,2019,39.98097,-122.30737,0,0,0,FALSE
1368,62,2019,37.166674,-122.361112,0,0,0,FALSE
1369,60,2019,37.219717,-121.761974,0,0,0,FALSE
1370,58,2019,39.470333,-121.412333,0,105,0,FALSE
1371,58,2019,37.968494,-121.678172,0,0,0,FALSE
1372,55,2019,40.387772,-120.304341,0,0,0,FALSE
1373,55,2019,33.57039,-116.1466,0,0,0,FALSE
1374,53,2019,38.955024,-122.833831,0,74,1,FALSE
1375,52,2019,35.189783,-120.1755,0,0,0,FALSE
1376,52,2019,32.87833333,-116.88,0,0,0,FALSE
1377,50,2019,32.564583,-116.834583,0,0,0,FALSE
1378,50,2019,37.97911,-122.11092,0,0,0,FALSE
1379,50,2019,38.622058,-121.114095,0,0,0,FALSE
1380,50,2019,38.63047,-122.47282,0,0,0,FALSE
1381,50,2019,39.85484,-121.905,0,0,0,TRUE
1382,47,2019,37.32555556,-121.7644444,0,0,0,FALSE
1383,47,2019,35.89593,-118.94106,0,0,0,FALSE
1384,46,2019,40.46968,-122.54364,0,0,0,FALSE
1385,46,2019,39.97083,-122.48277,0,0,0,FALSE
1386,45,2019,33.69078,-114.57265,0,0,0,FALSE
1387,44,2019,38.017138,-120.945044,0,0,0,FALSE
1388,43,2019,35.97059,-120.88241,0,0,0,FALSE
1389,42,2019,34.055768,-118.554091,0,0,0,FALSE
1390,42,2019,40.4988,-122.19911,0,0,0,FALSE
1391,38,2019,39.06066,-121.35014,0,0,0,FALSE
1392,35,2019,37.034183,-121.45597,0,0,0,FALSE
1393,35,2019,38.652475,-120.826165,0,10,0,FALSE
1394,35,2019,41.838,-122.845,0,0,0,FALSE
1395,35,2019,37.44422,-121.84082,0,0,0,FALSE
1396,34,2019,33.854597,-117.270144,0,0,0,FALSE
1397,34,2019,33.4506,-116.857817,0,0,0,FALSE
1398,33,2019,39.171091,-121.423281,0,0,0,FALSE
1399,33,2019,36.23012,-118.85712,0,0,0,FALSE
1400,30,2019,35.709176,-120.312856,0,0,0,FALSE
1401,30,2019,38.07944444,-122.2561111,0,0,0,FALSE
1402,30,2019,40.55924,-122.25409,0,0,0,FALSE
1403,30,2019,40.41741,-122.767256,0,0,0,FALSE
1404,30,2019,37.75427,-121.57382,0,0,0,FALSE
1405,30,2019,40.61805556,-123.6755556,0,0,0,FALSE
1406,29,2019,37.066483,-121.219163,0,0,0,FALSE
1407,29,2019,35.287373,-118.623651,0,0,0,FALSE
1408,28,2019,38.910498,-122.642572,0,55,0,TRUE
1409,28,2019,32.62305556,-116.9141667,0,0,0,FALSE
1410,27,2019,38.75263,-121.39259,0,0,0,FALSE
1411,26,2019,33.81678,-117.18194,0,0,0,FALSE
1412,25,2019,38.88913,-122.604425,0,0,0,FALSE
1413,25,2019,36.154184,-120.634179,0,0,0,FALSE
1414,25,2019,32.557546,-116.873955,0,0,0,FALSE
1415,25,2019,32.557546,-116.873955,0,0,0,FALSE
1416,25,2019,37.469,-121.3697,0,0,0,FALSE
1417,25,2019,36.14246,-118.80582,0,0,0,FALSE
1418,24,2019,37.99837,-122.16201,0,0,0,FALSE
1419,24,2019,38.21416,-122.12214,0,0,0,FALSE
1420,23,2019,38.02503,-121.9763,0,0,0,FALSE
1421,22,2019,32.557566,-116.8663,0,0,0,FALSE
1422,21,2019,37.949747,-120.420058,0,0,0,FALSE
1423,20,2019,39.088333,-122.309167,0,65,0,TRUE
1424,20,2019,33.909792,-117.004667,0,0,0,FALSE
1425,20,2019,38.99174,-122.7751,0,0,0,FALSE
1426,20,2019,33.69055556,-116.953889,0,0,0,FALSE
1427,20,2019,33.80493,-117.15738,0,0,0,FALSE
1428,19,2019,33.849906,-117.461363,0,0,0,FALSE
1429,19,2019,33.703546,-117.033598,0,0,0,FALSE
1430,19,2019,37.718636,-121.657011,0,0,0,FALSE
1431,18,2019,37.429506,-121.336465,0,0,0,FALSE
1432,17,2019,36.732866,-121.39478,0,0,0,FALSE
1433,17,2019,37.494136,-121.534827,0,0,0,FALSE
1434,17,2019,39.76242,-121.73659,0,0,0,FALSE
1435,17,2019,41.64895,-122.35962,0,0,0,FALSE
1436,16,2019,40.612556,-122.039167,0,0,0,FALSE
1437,16,2019,38.703889,-120.890556,0,0,0,FALSE
1438,15,2019,41.512917,-122.740333,0,0,0,FALSE
1439,15,2019,34.353667,-117.343833,0,0,0,FALSE
1440,15,2019,33.30267,-116.97772,0,0,0,FALSE
1441,13,2019,38.757636,-120.75664,0,0,0,FALSE
1442,12,2019,37.606,-121.853,0,0,0,FALSE
1443,12,2019,39.32889,-121.23431,0,0,0,FALSE
1444,11,2019,34.033117,-117.21545,0,0,0,FALSE
1445,11,2019,40.314187,-122.070055,0,0,0,FALSE
1446,11,2019,37.492002,-120.401028,0,0,0,FALSE
1447,11,2019,37.545167,-121.596667,0,0,0,FALSE
1448,10,2019,32.762706,-117.097441,0,0,0,FALSE
1449,10,2019,39.847708,-122.160416,0,0,1,FALSE
1450,10,2019,38.332083,-120.67131,1,45,0,TRUE
1451,10,2019,33.496633,-116.631106,0,0,0,FALSE
1452,10,2019,39.423833,-121.579738,0,0,0,FALSE
1453,10,2019,41.94622,-122.40157,0,0,0,FALSE
1454,10,2019,39.83958,-121.957,0,0,0,FALSE
1455,9,2019,33.827979,-117.499619,0,0,0,FALSE
1456,2,2019,39.40972222,-121.0005556,0,0,0,FALSE
