<?xml version="1.0" encoding="UTF-8"?>
<metadata xml:lang="en"><Esri><CreaDate>20200717</CreaDate><CreaTime>13510300</CreaTime><ArcGISFormat>1.0</ArcGISFormat><SyncOnce>FALSE</SyncOnce><DataProperties><itemProps><itemName Sync="TRUE">Alaska_Wildfire_Count.tif</itemName><itemLocation><linkage Sync="TRUE">file://\\IGSWIDWBWS078\C$\Users\jwelty\Documents\WIldfire_Creation_2020\Metadata\For_Submission\Alaska_Wildfire_Rasters\GeoTiffs\Alaska_Wildfire_Count.tif</linkage><protocol Sync="TRUE">Local Area Network</protocol></itemLocation><imsContentType Sync="TRUE">002</imsContentType><nativeExtBox><westBL Sync="TRUE">-3656948.913414</westBL><eastBL Sync="TRUE">-1750928.913414</eastBL><southBL Sync="TRUE">2730279.115112</southBL><northBL Sync="TRUE">4519749.115112</northBL><exTypeCode Sync="TRUE">1</exTypeCode></nativeExtBox></itemProps><coordRef><type Sync="TRUE">Projected</type><geogcsn Sync="TRUE">GCS_North_American_1983</geogcsn><csUnits Sync="TRUE">Linear Unit: Meter (1.000000)</csUnits><projcsn Sync="TRUE">North_America_Albers_Equal_Area_Conic</projcsn><peXml Sync="TRUE">&lt;ProjectedCoordinateSystem xsi:type='typens:ProjectedCoordinateSystem' xmlns:xsi='http://www.w3.org/2001/XMLSchema-instance' xmlns:xs='http://www.w3.org/2001/XMLSchema' xmlns:typens='http://www.esri.com/schemas/ArcGIS/2.5.0'&gt;&lt;WKT&gt;PROJCS[&amp;quot;North_America_Albers_Equal_Area_Conic&amp;quot;,GEOGCS[&amp;quot;GCS_North_American_1983&amp;quot;,DATUM[&amp;quot;D_North_American_1983&amp;quot;,SPHEROID[&amp;quot;GRS_1980&amp;quot;,6378137.0,298.257222101]],PRIMEM[&amp;quot;Greenwich&amp;quot;,0.0],UNIT[&amp;quot;Degree&amp;quot;,0.0174532925199433]],PROJECTION[&amp;quot;Albers&amp;quot;],PARAMETER[&amp;quot;False_Easting&amp;quot;,0.0],PARAMETER[&amp;quot;False_Northing&amp;quot;,0.0],PARAMETER[&amp;quot;Central_Meridian&amp;quot;,-96.0],PARAMETER[&amp;quot;Standard_Parallel_1&amp;quot;,20.0],PARAMETER[&amp;quot;Standard_Parallel_2&amp;quot;,60.0],PARAMETER[&amp;quot;Latitude_Of_Origin&amp;quot;,40.0],UNIT[&amp;quot;Meter&amp;quot;,1.0],AUTHORITY[&amp;quot;Esri&amp;quot;,102008]]&lt;/WKT&gt;&lt;XOrigin&gt;-16688100&lt;/XOrigin&gt;&lt;YOrigin&gt;-9068200&lt;/YOrigin&gt;&lt;XYScale&gt;269868926.20313245&lt;/XYScale&gt;&lt;ZOrigin&gt;-100000&lt;/ZOrigin&gt;&lt;ZScale&gt;10000&lt;/ZScale&gt;&lt;MOrigin&gt;-100000&lt;/MOrigin&gt;&lt;MScale&gt;10000&lt;/MScale&gt;&lt;XYTolerance&gt;0.001&lt;/XYTolerance&gt;&lt;ZTolerance&gt;0.001&lt;/ZTolerance&gt;&lt;MTolerance&gt;0.001&lt;/MTolerance&gt;&lt;HighPrecision&gt;true&lt;/HighPrecision&gt;&lt;WKID&gt;102008&lt;/WKID&gt;&lt;LatestWKID&gt;102008&lt;/LatestWKID&gt;&lt;/ProjectedCoordinateSystem&gt;</peXml></coordRef><RasterProperties><General><PixelDepth Sync="TRUE">8</PixelDepth><HasColormap Sync="TRUE">FALSE</HasColormap><CompressionType Sync="TRUE">LZW</CompressionType><NumBands Sync="TRUE">1</NumBands><Format Sync="TRUE">TIFF</Format><HasPyramids Sync="TRUE">FALSE</HasPyramids><SourceType Sync="TRUE">continuous</SourceType><PixelType Sync="TRUE">signed integer</PixelType><NoDataValue Sync="TRUE">-128</NoDataValue></General></RasterProperties><copyHistory><copy source="C:\Users\jwelty\Documents\WIldfire_Creation_2020\Combined_Wildfires_June2020\Alaska_Wildfire_Raster_Summaries\Alaska_Wildfire_Count.tif" dest="\\IGSWIDWBWS078\C$\Users\jwelty\Documents\WIldfire_Creation_2020\Metadata\For_Submission\Alaska_Wildfire_Rasters\GeoTiffs\Alaska_Wildfire_Count.tif" date="20200717" time="13510300"></copy></copyHistory><lineage><Process ToolSource="c:\arcgis\pro\Resources\ArcToolbox\Toolboxes\Data Management Tools.tbx\CopyMultiple" Date="20200717" Time="135103">CopyMultiple "C:\Users\jwelty\Documents\WIldfire_Creation_2020\Combined_Wildfires_June2020\Alaska_Wildfire_Raster_Summaries\Alaska_Wildfire_Count.tif raster_file_general;C:\Users\jwelty\Documents\WIldfire_Creation_2020\Combined_Wildfires_June2020\Alaska_Wildfire_Raster_Summaries\Alaska_Wildfire_First_Year_Burned.tif raster_file_general;C:\Users\jwelty\Documents\WIldfire_Creation_2020\Combined_Wildfires_June2020\Alaska_Wildfire_Raster_Summaries\Alaska_Wildfire_Most_Recent_Year_Burned.tif raster_file_general" C:\Users\jwelty\Documents\WIldfire_Creation_2020\Metadata\For_Submission\Alaska_Wildfire_Rasters\GeoTiffs Alaska_Wildfire_Count;Alaska_Wildfire_First_Year_Burned;Alaska_Wildfire_Most_Recent_Year_Burned "Alaska_Wildfire_Count.tif RasterDataset Alaska_Wildfire_Count.tif #;Alaska_Wildfire_First_Year_Burned.tif RasterDataset Alaska_Wildfire_First_Year_Burned.tif #;Alaska_Wildfire_Most_Recent_Year_Burned.tif RasterDataset Alaska_Wildfire_Most_Recent_Year_Burned.tif #"</Process></lineage></DataProperties><SyncDate>20200717</SyncDate><SyncTime>13104900</SyncTime><ModDate>20200717</ModDate><ModTime>13104900</ModTime></Esri><dataIdInfo><envirDesc Sync="TRUE">Microsoft Windows 10 Version 10.0 (Build 17763) ; Esri ArcGIS 12.5.0.22081</envirDesc><dataLang><languageCode value="eng" Sync="TRUE"></languageCode><countryCode value="USA" Sync="TRUE"></countryCode></dataLang><idCitation><resTitle Sync="TRUE">Alaska_Wildfire_Count.tif</resTitle><presForm><PresFormCd value="005" Sync="TRUE"></PresFormCd></presForm></idCitation><spatRpType><SpatRepTypCd value="002" Sync="TRUE"></SpatRepTypCd></spatRpType><dataExt><geoEle><GeoBndBox esriExtentType="search"><exTypeCode Sync="TRUE">1</exTypeCode><westBL Sync="TRUE">-178.249204</westBL><eastBL Sync="TRUE">-128.598110</eastBL><northBL Sync="TRUE">78.289032</northBL><southBL Sync="TRUE">52.855913</southBL></GeoBndBox></geoEle></dataExt></dataIdInfo><mdLang><languageCode value="eng" Sync="TRUE"></languageCode><countryCode value="USA" Sync="TRUE"></countryCode></mdLang><mdChar><CharSetCd value="004" Sync="TRUE"></CharSetCd></mdChar><distInfo><distFormat><formatName Sync="TRUE">Raster Dataset</formatName></distFormat></distInfo><mdHrLv><ScopeCd value="005" Sync="TRUE"></ScopeCd></mdHrLv><mdHrLvName Sync="TRUE">dataset</mdHrLvName><refSysInfo><RefSystem><refSysID><identCode code="102008" Sync="TRUE"></identCode><idCodeSpace Sync="TRUE">Esri</idCodeSpace><idVersion Sync="TRUE">4.0.0</idVersion></refSysID></RefSystem></refSysInfo><spatRepInfo><Georect><cellGeo><CellGeoCd Sync="TRUE" value="002"></CellGeoCd></cellGeo><numDims Sync="TRUE">2</numDims><tranParaAv Sync="TRUE">1</tranParaAv><chkPtAv Sync="TRUE">0</chkPtAv><cornerPts><pos Sync="TRUE">-3656948.913414 2730279.115112</pos></cornerPts><cornerPts><pos Sync="TRUE">-3656948.913414 4519749.115112</pos></cornerPts><cornerPts><pos Sync="TRUE">-1750928.913414 4519749.115112</pos></cornerPts><cornerPts><pos Sync="TRUE">-1750928.913414 2730279.115112</pos></cornerPts><centerPt><pos Sync="TRUE">-2703938.913414 3625014.115112</pos></centerPt><axisDimension type="002"><dimSize Sync="TRUE">63534</dimSize><dimResol><value Sync="TRUE" uom="m">30.000000</value></dimResol></axisDimension><axisDimension type="001"><dimSize Sync="TRUE">59649</dimSize><dimResol><value Sync="TRUE" uom="m">30.000000</value></dimResol></axisDimension><ptInPixel><PixOrientCd Sync="TRUE" value="001"></PixOrientCd></ptInPixel></Georect></spatRepInfo><eainfo><detailed Name="Alaska_Wildfire_Count.tif.vat"><enttyp><enttypl Sync="TRUE">Alaska_Wildfire_Count.tif.vat</enttypl><enttypt Sync="TRUE">Table</enttypt><enttypc Sync="TRUE">7</enttypc></enttyp><attr><attrlabl Sync="TRUE">OID</attrlabl><attalias Sync="TRUE">OID</attalias><attrtype Sync="TRUE">OID</attrtype><attwidth Sync="TRUE">4</attwidth><atprecis Sync="TRUE">0</atprecis><attscale Sync="TRUE">0</attscale><attrdef Sync="TRUE">Internal feature number.</attrdef><attrdefs Sync="TRUE">Esri</attrdefs><attrdomv><udom Sync="TRUE">Sequential unique whole numbers that are automatically generated.</udom></attrdomv></attr><attr><attrlabl Sync="TRUE">Value</attrlabl><attalias Sync="TRUE">Value</attalias><attrtype Sync="TRUE">Integer</attrtype><attwidth Sync="TRUE">10</attwidth><atprecis Sync="TRUE">10</atprecis><attscale Sync="TRUE">0</attscale></attr><attr><attrlabl Sync="TRUE">Count</attrlabl><attalias Sync="TRUE">Count</attalias><attrtype Sync="TRUE">Double</attrtype><attwidth Sync="TRUE">19</attwidth><atprecis Sync="TRUE">0</atprecis><attscale Sync="TRUE">0</attscale></attr></detailed></eainfo><contInfo><ImgDesc><contentTyp><ContentTypCd Sync="TRUE" value="001"></ContentTypCd></contentTyp><covDim><Band><dimDescrp Sync="TRUE">Band_1</dimDescrp><maxVal Sync="TRUE">7.000000</maxVal><minVal Sync="TRUE">1.000000</minVal><bitsPerVal Sync="TRUE">8</bitsPerVal><valUnit><UOM type="length"></UOM></valUnit></Band></covDim></ImgDesc></contInfo><mdDateSt Sync="TRUE">20200717</mdDateSt></metadata>
