<?xml version="1.0" encoding="UTF-8"?>
<metadata xml:lang="en"><Esri><CreaDate>20200717</CreaDate><CreaTime>13510300</CreaTime><ArcGISFormat>1.0</ArcGISFormat><SyncOnce>TRUE</SyncOnce><DataProperties><itemProps><itemLocation><linkage Sync="TRUE">file://\\IGSWIDWBWS078\C$\Users\jwelty\Documents\WIldfire_Creation_2020\Metadata\For_Submission\Alaska_Wildfire_Rasters\GeoTiffs\Alaska_Wildfire_Most_Recent_Year_Burned.tif</linkage><protocol Sync="TRUE">Local Area Network</protocol></itemLocation></itemProps><copyHistory><copy source="C:\Users\jwelty\Documents\WIldfire_Creation_2020\Combined_Wildfires_June2020\Alaska_Wildfire_Raster_Summaries\Alaska_Wildfire_Most_Recent_Year_Burned.tif" dest="\\IGSWIDWBWS078\C$\Users\jwelty\Documents\WIldfire_Creation_2020\Metadata\For_Submission\Alaska_Wildfire_Rasters\GeoTiffs\Alaska_Wildfire_Most_Recent_Year_Burned.tif" date="20200717" time="13510300"></copy></copyHistory><lineage><Process ToolSource="c:\arcgis\pro\Resources\ArcToolbox\Toolboxes\Data Management Tools.tbx\CopyMultiple" Date="20200717" Time="135103">CopyMultiple "C:\Users\jwelty\Documents\WIldfire_Creation_2020\Combined_Wildfires_June2020\Alaska_Wildfire_Raster_Summaries\Alaska_Wildfire_Count.tif raster_file_general;C:\Users\jwelty\Documents\WIldfire_Creation_2020\Combined_Wildfires_June2020\Alaska_Wildfire_Raster_Summaries\Alaska_Wildfire_First_Year_Burned.tif raster_file_general;C:\Users\jwelty\Documents\WIldfire_Creation_2020\Combined_Wildfires_June2020\Alaska_Wildfire_Raster_Summaries\Alaska_Wildfire_Most_Recent_Year_Burned.tif raster_file_general" C:\Users\jwelty\Documents\WIldfire_Creation_2020\Metadata\For_Submission\Alaska_Wildfire_Rasters\GeoTiffs Alaska_Wildfire_Count;Alaska_Wildfire_First_Year_Burned;Alaska_Wildfire_Most_Recent_Year_Burned "Alaska_Wildfire_Count.tif RasterDataset Alaska_Wildfire_Count.tif #;Alaska_Wildfire_First_Year_Burned.tif RasterDataset Alaska_Wildfire_First_Year_Burned.tif #;Alaska_Wildfire_Most_Recent_Year_Burned.tif RasterDataset Alaska_Wildfire_Most_Recent_Year_Burned.tif #"</Process></lineage></DataProperties></Esri></metadata>
